[step],ticks,decay-E-current,SEED
0,0,5.0,1
0,0,5.0,2
0,0,5.0,3
0,0,5.0,4
0,0,5.0,5
0,0,5.0,6
0,0,5.0,7
0,0,5.0,8
0,0,5.0,9
0,0,5.0,10
1,1,4.949999999999899,1
1,1,4.949999999999899,2
1,1,4.949999999999899,3
1,1,4.949999999999899,4
1,1,4.949999999999899,5
1,1,4.949999999999899,6
1,1,4.949999999999899,7
1,1,4.949999999999899,8
1,1,4.949999999999899,9
1,1,4.949999999999899,10
2,2,4.900500000000004,1
2,2,4.900500000000004,2
2,2,4.900500000000004,3
2,2,4.900500000000004,4
2,2,4.900500000000004,5
2,2,4.900500000000004,6
2,2,4.900500000000004,7
2,2,4.900500000000004,8
2,2,4.900500000000004,9
2,2,4.900500000000004,10
3,3,4.851494999999908,1
3,3,4.851494999999908,2
3,3,4.851494999999908,3
3,3,4.851494999999908,4
3,3,4.851494999999908,5
3,3,4.851494999999908,6
3,3,4.851494999999908,7
3,3,4.851494999999908,8
3,3,4.851494999999908,9
3,3,4.851494999999908,10
4,4,4.8029800499999284,1
4,4,4.8029800499999284,2
4,4,4.8029800499999284,3
4,4,4.8029800499999284,4
4,4,4.8029800499999284,5
4,4,4.8029800499999284,6
4,4,4.8029800499999284,7
4,4,4.8029800499999284,8
4,4,4.8029800499999284,9
4,4,4.8029800499999284,10
5,5,4.754950249500034,1
5,5,4.754950249500034,2
5,5,4.754950249500034,3
5,5,4.754950249500034,4
5,5,4.754950249500034,5
5,5,4.754950249500034,6
5,5,4.754950249500034,7
5,5,4.754950249500034,8
5,5,4.754950249500034,9
5,5,4.754950249500034,10
6,6,4.707400747004958,1
6,6,4.707400747004958,2
6,6,4.707400747004958,3
6,6,4.707400747004958,4
6,6,4.707400747004958,5
6,6,4.707400747004958,6
6,6,4.707400747004958,7
6,6,4.707400747004958,8
6,6,4.707400747004958,9
6,6,4.707400747004958,10
7,7,4.660326739534886,1
7,7,4.660326739534886,2
7,7,4.660326739534886,3
7,7,4.660326739534886,4
7,7,4.660326739534886,5
7,7,4.660326739534886,6
7,7,4.660326739534886,7
7,7,4.660326739534886,8
7,7,4.660326739534886,9
7,7,4.660326739534886,10
8,8,4.613723472139644,1
8,8,4.613723472139644,2
8,8,4.613723472139644,3
8,8,4.613723472139644,4
8,8,4.613723472139644,5
8,8,4.613723472139644,6
8,8,4.613723472139644,7
8,8,4.613723472139644,8
8,8,4.613723472139644,9
8,8,4.613723472139644,10
9,9,4.567586237418248,1
9,9,4.567586237418248,2
9,9,4.567586237418248,3
9,9,4.567586237418248,4
9,9,4.567586237418248,5
9,9,4.567586237418248,6
9,9,4.567586237418248,7
9,9,4.567586237418248,8
9,9,4.567586237418248,9
9,9,4.567586237418248,10
10,10,4.521910375044095,1
10,10,4.521910375044095,2
10,10,4.521910375044095,3
10,10,4.521910375044095,4
10,10,4.521910375044095,5
10,10,4.521910375044095,6
10,10,4.521910375044095,7
10,10,4.521910375044095,8
10,10,4.521910375044095,9
10,10,4.521910375044095,10
11,11,4.476691271293572,1
11,11,4.476691271293572,2
11,11,4.476691271293572,3
11,11,4.476691271293572,4
11,11,4.476691271293572,5
11,11,4.476691271293572,6
11,11,4.476691271293572,7
11,11,4.476691271293572,8
11,11,4.476691271293572,9
11,11,4.476691271293572,10
12,12,4.431924358580569,1
12,12,4.431924358580569,2
12,12,4.431924358580569,3
12,12,4.431924358580569,4
12,12,4.431924358580569,5
12,12,4.431924358580569,6
12,12,4.431924358580569,7
12,12,4.431924358580569,8
12,12,4.431924358580569,9
12,12,4.431924358580569,10
13,13,4.387605114994879,1
13,13,4.387605114994879,2
13,13,4.387605114994879,3
13,13,4.387605114994879,4
13,13,4.387605114994879,5
13,13,4.387605114994879,6
13,13,4.387605114994879,7
13,13,4.387605114994879,8
13,13,4.387605114994879,9
13,13,4.387605114994879,10
14,14,4.343729063844878,1
14,14,4.343729063844878,2
14,14,4.343729063844878,3
14,14,4.343729063844878,4
14,14,4.343729063844878,5
14,14,4.343729063844878,6
14,14,4.343729063844878,7
14,14,4.343729063844878,8
14,14,4.343729063844878,9
14,14,4.343729063844878,10
15,15,4.300291773206476,1
15,15,4.300291773206476,2
15,15,4.300291773206476,3
15,15,4.300291773206476,4
15,15,4.300291773206476,5
15,15,4.300291773206476,6
15,15,4.300291773206476,7
15,15,4.300291773206476,8
15,15,4.300291773206476,9
15,15,4.300291773206476,10
16,16,4.257288855474445,1
16,16,4.257288855474445,2
16,16,4.257288855474445,3
16,16,4.257288855474445,4
16,16,4.257288855474445,5
16,16,4.257288855474445,6
16,16,4.257288855474445,7
16,16,4.257288855474445,8
16,16,4.257288855474445,9
16,16,4.257288855474445,10
17,17,4.214715966919668,1
17,17,4.214715966919668,2
17,17,4.214715966919668,3
17,17,4.214715966919668,4
17,17,4.214715966919668,5
17,17,4.214715966919668,6
17,17,4.214715966919668,7
17,17,4.214715966919668,8
17,17,4.214715966919668,9
17,17,4.214715966919668,10
18,18,4.172568807250485,1
18,18,4.172568807250485,2
18,18,4.172568807250485,3
18,18,4.172568807250485,4
18,18,4.172568807250485,5
18,18,4.172568807250485,6
18,18,4.172568807250485,7
18,18,4.172568807250485,8
18,18,4.172568807250485,9
18,18,4.172568807250485,10
19,19,4.130843119177892,1
19,19,4.130843119177892,2
19,19,4.130843119177892,3
19,19,4.130843119177892,4
19,19,4.130843119177892,5
19,19,4.130843119177892,6
19,19,4.130843119177892,7
19,19,4.130843119177892,8
19,19,4.130843119177892,9
19,19,4.130843119177892,10
20,20,4.0895346879861085,1
20,20,4.0895346879861085,2
20,20,4.0895346879861085,3
20,20,4.0895346879861085,4
20,20,4.0895346879861085,5
20,20,4.0895346879861085,6
20,20,4.0895346879861085,7
20,20,4.0895346879861085,8
20,20,4.0895346879861085,9
20,20,4.0895346879861085,10
21,21,4.0486393411062185,1
21,21,4.0486393411062185,2
21,21,4.0486393411062185,3
21,21,4.0486393411062185,4
21,21,4.0486393411062185,5
21,21,4.0486393411062185,6
21,21,4.0486393411062185,7
21,21,4.0486393411062185,8
21,21,4.0486393411062185,9
21,21,4.0486393411062185,10
22,22,4.008152947695215,1
22,22,4.008152947695215,2
22,22,4.008152947695215,3
22,22,4.008152947695215,4
22,22,4.008152947695215,5
22,22,4.008152947695215,6
22,22,4.008152947695215,7
22,22,4.008152947695215,8
22,22,4.008152947695215,9
22,22,4.008152947695215,10
23,23,3.968071418218236,1
23,23,3.968071418218236,2
23,23,3.968071418218236,3
23,23,3.968071418218236,4
23,23,3.968071418218236,5
23,23,3.968071418218236,6
23,23,3.968071418218236,7
23,23,3.968071418218236,8
23,23,3.968071418218236,9
23,23,3.968071418218236,10
24,24,3.928390704036159,1
24,24,3.928390704036159,2
24,24,3.928390704036159,3
24,24,3.928390704036159,4
24,24,3.928390704036159,5
24,24,3.928390704036159,6
24,24,3.928390704036159,7
24,24,3.928390704036159,8
24,24,3.928390704036159,9
24,24,3.928390704036159,10
25,25,3.889106796995732,1
25,25,3.889106796995732,2
25,25,3.889106796995732,3
25,25,3.889106796995732,4
25,25,3.889106796995732,5
25,25,3.889106796995732,6
25,25,3.889106796995732,7
25,25,3.889106796995732,8
25,25,3.889106796995732,9
25,25,3.889106796995732,10
26,26,3.850215729025849,1
26,26,3.850215729025849,2
26,26,3.850215729025849,3
26,26,3.850215729025849,4
26,26,3.850215729025849,5
26,26,3.850215729025849,6
26,26,3.850215729025849,7
26,26,3.850215729025849,8
26,26,3.850215729025849,9
26,26,3.850215729025849,10
27,27,3.8117135717356017,1
27,27,3.8117135717356017,2
27,27,3.8117135717356017,3
27,27,3.8117135717356017,4
27,27,3.8117135717356017,5
27,27,3.8117135717356017,6
27,27,3.8117135717356017,7
27,27,3.8117135717356017,8
27,27,3.8117135717356017,9
27,27,3.8117135717356017,10
28,28,3.77359643601813,1
28,28,3.77359643601813,2
28,28,3.77359643601813,3
28,28,3.77359643601813,4
28,28,3.77359643601813,5
28,28,3.77359643601813,6
28,28,3.77359643601813,7
28,28,3.77359643601813,8
28,28,3.77359643601813,9
28,28,3.77359643601813,10
29,29,3.735860471657909,1
29,29,3.735860471657909,2
29,29,3.735860471657909,3
29,29,3.735860471657909,4
29,29,3.735860471657909,5
29,29,3.735860471657909,6
29,29,3.735860471657909,7
29,29,3.735860471657909,8
29,29,3.735860471657909,9
29,29,3.735860471657909,10
30,30,3.6985018669414753,1
30,30,3.6985018669414753,2
30,30,3.6985018669414753,3
30,30,3.6985018669414753,4
30,30,3.6985018669414753,5
30,30,3.6985018669414753,6
30,30,3.6985018669414753,7
30,30,3.6985018669414753,8
30,30,3.6985018669414753,9
30,30,3.6985018669414753,10
31,31,3.6615168482720746,1
31,31,3.6615168482720746,2
31,31,3.6615168482720746,3
31,31,3.6615168482720746,4
31,31,3.6615168482720746,5
31,31,3.6615168482720746,6
31,31,3.6615168482720746,7
31,31,3.6615168482720746,8
31,31,3.6615168482720746,9
31,31,3.6615168482720746,10
32,32,3.6249016797892257,1
32,32,3.6249016797892257,2
32,32,3.6249016797892257,3
32,32,3.6249016797892257,4
32,32,3.6249016797892257,5
32,32,3.6249016797892257,6
32,32,3.6249016797892257,7
32,32,3.6249016797892257,8
32,32,3.6249016797892257,9
32,32,3.6249016797892257,10
33,33,3.588652662991439,1
33,33,3.588652662991439,2
33,33,3.588652662991439,3
33,33,3.588652662991439,4
33,33,3.588652662991439,5
33,33,3.588652662991439,6
33,33,3.588652662991439,7
33,33,3.588652662991439,8
33,33,3.588652662991439,9
33,33,3.588652662991439,10
34,34,3.5527661363613623,1
34,34,3.5527661363613623,2
34,34,3.5527661363613623,3
34,34,3.5527661363613623,4
34,34,3.5527661363613623,5
34,34,3.5527661363613623,6
34,34,3.5527661363613623,7
34,34,3.5527661363613623,8
34,34,3.5527661363613623,9
34,34,3.5527661363613623,10
35,35,3.5172384749979453,1
35,35,3.5172384749979453,2
35,35,3.5172384749979453,3
35,35,3.5172384749979453,4
35,35,3.5172384749979453,5
35,35,3.5172384749979453,6
35,35,3.5172384749979453,7
35,35,3.5172384749979453,8
35,35,3.5172384749979453,9
35,35,3.5172384749979453,10
36,36,3.482066090247833,1
36,36,3.482066090247833,2
36,36,3.482066090247833,3
36,36,3.482066090247833,4
36,36,3.482066090247833,5
36,36,3.482066090247833,6
36,36,3.482066090247833,7
36,36,3.482066090247833,8
36,36,3.482066090247833,9
36,36,3.482066090247833,10
37,37,3.4472454293454335,1
37,37,3.4472454293454335,2
37,37,3.4472454293454335,3
37,37,3.4472454293454335,4
37,37,3.4472454293454335,5
37,37,3.4472454293454335,6
37,37,3.4472454293454335,7
37,37,3.4472454293454335,8
37,37,3.4472454293454335,9
37,37,3.4472454293454335,10
38,38,3.412772975052002,1
38,38,3.412772975052002,2
38,38,3.412772975052002,3
38,38,3.412772975052002,4
38,38,3.412772975052002,5
38,38,3.412772975052002,6
38,38,3.412772975052002,7
38,38,3.412772975052002,8
38,38,3.412772975052002,9
38,38,3.412772975052002,10
39,39,3.378645245301414,1
39,39,3.378645245301414,2
39,39,3.378645245301414,3
39,39,3.378645245301414,4
39,39,3.378645245301414,5
39,39,3.378645245301414,6
39,39,3.378645245301414,7
39,39,3.378645245301414,8
39,39,3.378645245301414,9
39,39,3.378645245301414,10
40,40,3.344858792848331,1
40,40,3.344858792848331,2
40,40,3.344858792848331,3
40,40,3.344858792848331,4
40,40,3.344858792848331,5
40,40,3.344858792848331,6
40,40,3.344858792848331,7
40,40,3.344858792848331,8
40,40,3.344858792848331,9
40,40,3.344858792848331,10
41,41,3.3114102049198744,1
41,41,3.3114102049198744,2
41,41,3.3114102049198744,3
41,41,3.3114102049198744,4
41,41,3.3114102049198744,5
41,41,3.3114102049198744,6
41,41,3.3114102049198744,7
41,41,3.3114102049198744,8
41,41,3.3114102049198744,9
41,41,3.3114102049198744,10
42,42,3.278296102870658,1
42,42,3.278296102870658,2
42,42,3.278296102870658,3
42,42,3.278296102870658,4
42,42,3.278296102870658,5
42,42,3.278296102870658,6
42,42,3.278296102870658,7
42,42,3.278296102870658,8
42,42,3.278296102870658,9
42,42,3.278296102870658,10
43,43,3.245513141841944,1
43,43,3.245513141841944,2
43,43,3.245513141841944,3
43,43,3.245513141841944,4
43,43,3.245513141841944,5
43,43,3.245513141841944,6
43,43,3.245513141841944,7
43,43,3.245513141841944,8
43,43,3.245513141841944,9
43,43,3.245513141841944,10
44,44,3.213058010423546,1
44,44,3.213058010423546,2
44,44,3.213058010423546,3
44,44,3.213058010423546,4
44,44,3.213058010423546,5
44,44,3.213058010423546,6
44,44,3.213058010423546,7
44,44,3.213058010423546,8
44,44,3.213058010423546,9
44,44,3.213058010423546,10
45,45,3.180927430319437,1
45,45,3.180927430319437,2
45,45,3.180927430319437,3
45,45,3.180927430319437,4
45,45,3.180927430319437,5
45,45,3.180927430319437,6
45,45,3.180927430319437,7
45,45,3.180927430319437,8
45,45,3.180927430319437,9
45,45,3.180927430319437,10
46,46,3.1491181560162276,1
46,46,3.1491181560162276,2
46,46,3.1491181560162276,3
46,46,3.1491181560162276,4
46,46,3.1491181560162276,5
46,46,3.1491181560162276,6
46,46,3.1491181560162276,7
46,46,3.1491181560162276,8
46,46,3.1491181560162276,9
46,46,3.1491181560162276,10
47,47,3.117626974456014,1
47,47,3.117626974456014,2
47,47,3.117626974456014,3
47,47,3.117626974456014,4
47,47,3.117626974456014,5
47,47,3.117626974456014,6
47,47,3.117626974456014,7
47,47,3.117626974456014,8
47,47,3.117626974456014,9
47,47,3.117626974456014,10
48,48,3.0864507047114067,1
48,48,3.0864507047114067,2
48,48,3.0864507047114067,3
48,48,3.0864507047114067,4
48,48,3.0864507047114067,5
48,48,3.0864507047114067,6
48,48,3.0864507047114067,7
48,48,3.0864507047114067,8
48,48,3.0864507047114067,9
48,48,3.0864507047114067,10
49,49,3.0555861976643914,1
49,49,3.0555861976643914,2
49,49,3.0555861976643914,3
49,49,3.0555861976643914,4
49,49,3.0555861976643914,5
49,49,3.0555861976643914,6
49,49,3.0555861976643914,7
49,49,3.0555861976643914,8
49,49,3.0555861976643914,9
49,49,3.0555861976643914,10
50,50,3.0250303356876023,1
50,50,3.0250303356876023,2
50,50,3.0250303356876023,3
50,50,3.0250303356876023,4
50,50,3.0250303356876023,5
50,50,3.0250303356876023,6
50,50,3.0250303356876023,7
50,50,3.0250303356876023,8
50,50,3.0250303356876023,9
50,50,3.0250303356876023,10
51,51,2.9947800323307434,1
51,51,2.9947800323307434,2
51,51,2.9947800323307434,3
51,51,2.9947800323307434,4
51,51,2.9947800323307434,5
51,51,2.9947800323307434,6
51,51,2.9947800323307434,7
51,51,2.9947800323307434,8
51,51,2.9947800323307434,9
51,51,2.9947800323307434,10
52,52,2.964832232007549,1
52,52,2.964832232007549,2
52,52,2.964832232007549,3
52,52,2.964832232007549,4
52,52,2.964832232007549,5
52,52,2.964832232007549,6
52,52,2.964832232007549,7
52,52,2.964832232007549,8
52,52,2.964832232007549,9
52,52,2.964832232007549,10
53,53,2.9351839096874506,1
53,53,2.9351839096874506,2
53,53,2.9351839096874506,3
53,53,2.9351839096874506,4
53,53,2.9351839096874506,5
53,53,2.9351839096874506,6
53,53,2.9351839096874506,7
53,53,2.9351839096874506,8
53,53,2.9351839096874506,9
53,53,2.9351839096874506,10
54,54,2.9058320705904945,1
54,54,2.9058320705904945,2
54,54,2.9058320705904945,3
54,54,2.9058320705904945,4
54,54,2.9058320705904945,5
54,54,2.9058320705904945,6
54,54,2.9058320705904945,7
54,54,2.9058320705904945,8
54,54,2.9058320705904945,9
54,54,2.9058320705904945,10
55,55,2.8767737498846775,1
55,55,2.8767737498846775,2
55,55,2.8767737498846775,3
55,55,2.8767737498846775,4
55,55,2.8767737498846775,5
55,55,2.8767737498846775,6
55,55,2.8767737498846775,7
55,55,2.8767737498846775,8
55,55,2.8767737498846775,9
55,55,2.8767737498846775,10
56,56,2.848006012385782,1
56,56,2.848006012385782,2
56,56,2.848006012385782,3
56,56,2.848006012385782,4
56,56,2.848006012385782,5
56,56,2.848006012385782,6
56,56,2.848006012385782,7
56,56,2.848006012385782,8
56,56,2.848006012385782,9
56,56,2.848006012385782,10
57,57,2.819525952261899,1
57,57,2.819525952261899,2
57,57,2.819525952261899,3
57,57,2.819525952261899,4
57,57,2.819525952261899,5
57,57,2.819525952261899,6
57,57,2.819525952261899,7
57,57,2.819525952261899,8
57,57,2.819525952261899,9
57,57,2.819525952261899,10
58,58,2.7913306927393626,1
58,58,2.7913306927393626,2
58,58,2.7913306927393626,3
58,58,2.7913306927393626,4
58,58,2.7913306927393626,5
58,58,2.7913306927393626,6
58,58,2.7913306927393626,7
58,58,2.7913306927393626,8
58,58,2.7913306927393626,9
58,58,2.7913306927393626,10
59,59,2.7634173858118922,1
59,59,2.7634173858118922,2
59,59,2.7634173858118922,3
59,59,2.7634173858118922,4
59,59,2.7634173858118922,5
59,59,2.7634173858118922,6
59,59,2.7634173858118922,7
59,59,2.7634173858118922,8
59,59,2.7634173858118922,9
59,59,2.7634173858118922,10
60,60,2.735783211953762,1
60,60,2.735783211953762,2
60,60,2.735783211953762,3
60,60,2.735783211953762,4
60,60,2.735783211953762,5
60,60,2.735783211953762,6
60,60,2.735783211953762,7
60,60,2.735783211953762,8
60,60,2.735783211953762,9
60,60,2.735783211953762,10
61,61,2.7084253798343205,1
61,61,2.7084253798343205,2
61,61,2.7084253798343205,3
61,61,2.7084253798343205,4
61,61,2.7084253798343205,5
61,61,2.7084253798343205,6
61,61,2.7084253798343205,7
61,61,2.7084253798343205,8
61,61,2.7084253798343205,9
61,61,2.7084253798343205,10
62,62,2.681341126035931,1
62,62,2.681341126035931,2
62,62,2.681341126035931,3
62,62,2.681341126035931,4
62,62,2.681341126035931,5
62,62,2.681341126035931,6
62,62,2.681341126035931,7
62,62,2.681341126035931,8
62,62,2.681341126035931,9
62,62,2.681341126035931,10
63,63,2.6545277147756283,1
63,63,2.6545277147756283,2
63,63,2.6545277147756283,3
63,63,2.6545277147756283,4
63,63,2.6545277147756283,5
63,63,2.6545277147756283,6
63,63,2.6545277147756283,7
63,63,2.6545277147756283,8
63,63,2.6545277147756283,9
63,63,2.6545277147756283,10
64,64,2.627982437627868,1
64,64,2.627982437627868,2
64,64,2.627982437627868,3
64,64,2.627982437627868,4
64,64,2.627982437627868,5
64,64,2.627982437627868,6
64,64,2.627982437627868,7
64,64,2.627982437627868,8
64,64,2.627982437627868,9
64,64,2.627982437627868,10
65,65,2.6017026132515833,1
65,65,2.6017026132515833,2
65,65,2.6017026132515833,3
65,65,2.6017026132515833,4
65,65,2.6017026132515833,5
65,65,2.6017026132515833,6
65,65,2.6017026132515833,7
65,65,2.6017026132515833,8
65,65,2.6017026132515833,9
65,65,2.6017026132515833,10
66,66,2.5756855871190627,1
66,66,2.5756855871190627,2
66,66,2.5756855871190627,3
66,66,2.5756855871190627,4
66,66,2.5756855871190627,5
66,66,2.5756855871190627,6
66,66,2.5756855871190627,7
66,66,2.5756855871190627,8
66,66,2.5756855871190627,9
66,66,2.5756855871190627,10
67,67,2.5499287312477805,1
67,67,2.5499287312477805,2
67,67,2.5499287312477805,3
67,67,2.5499287312477805,4
67,67,2.5499287312477805,5
67,67,2.5499287312477805,6
67,67,2.5499287312477805,7
67,67,2.5499287312477805,8
67,67,2.5499287312477805,9
67,67,2.5499287312477805,10
68,68,2.5244294439353347,1
68,68,2.5244294439353347,2
68,68,2.5244294439353347,3
68,68,2.5244294439353347,4
68,68,2.5244294439353347,5
68,68,2.5244294439353347,6
68,68,2.5244294439353347,7
68,68,2.5244294439353347,8
68,68,2.5244294439353347,9
68,68,2.5244294439353347,10
69,69,2.499185149496032,1
69,69,2.499185149496032,2
69,69,2.499185149496032,3
69,69,2.499185149496032,4
69,69,2.499185149496032,5
69,69,2.499185149496032,6
69,69,2.499185149496032,7
69,69,2.499185149496032,8
69,69,2.499185149496032,9
69,69,2.499185149496032,10
70,70,2.47419329800099,1
70,70,2.47419329800099,2
70,70,2.47419329800099,3
70,70,2.47419329800099,4
70,70,2.47419329800099,5
70,70,2.47419329800099,6
70,70,2.47419329800099,7
70,70,2.47419329800099,8
70,70,2.47419329800099,9
70,70,2.47419329800099,10
71,71,2.449451365021069,1
71,71,2.449451365021069,2
71,71,2.449451365021069,3
71,71,2.449451365021069,4
71,71,2.449451365021069,5
71,71,2.449451365021069,6
71,71,2.449451365021069,7
71,71,2.449451365021069,8
71,71,2.449451365021069,9
71,71,2.449451365021069,10
72,72,2.42495685137084,1
72,72,2.42495685137084,2
72,72,2.42495685137084,3
72,72,2.42495685137084,4
72,72,2.42495685137084,5
72,72,2.42495685137084,6
72,72,2.42495685137084,7
72,72,2.42495685137084,8
72,72,2.42495685137084,9
72,72,2.42495685137084,10
73,73,2.4007072828571476,1
73,73,2.4007072828571476,2
73,73,2.4007072828571476,3
73,73,2.4007072828571476,4
73,73,2.4007072828571476,5
73,73,2.4007072828571476,6
73,73,2.4007072828571476,7
73,73,2.4007072828571476,8
73,73,2.4007072828571476,9
73,73,2.4007072828571476,10
74,74,2.3767002100285115,1
74,74,2.3767002100285115,2
74,74,2.3767002100285115,3
74,74,2.3767002100285115,4
74,74,2.3767002100285115,5
74,74,2.3767002100285115,6
74,74,2.3767002100285115,7
74,74,2.3767002100285115,8
74,74,2.3767002100285115,9
74,74,2.3767002100285115,10
75,75,2.3529332079283014,1
75,75,2.3529332079283014,2
75,75,2.3529332079283014,3
75,75,2.3529332079283014,4
75,75,2.3529332079283014,5
75,75,2.3529332079283014,6
75,75,2.3529332079283014,7
75,75,2.3529332079283014,8
75,75,2.3529332079283014,9
75,75,2.3529332079283014,10
76,76,2.3294038758490037,1
76,76,2.3294038758490037,2
76,76,2.3294038758490037,3
76,76,2.3294038758490037,4
76,76,2.3294038758490037,5
76,76,2.3294038758490037,6
76,76,2.3294038758490037,7
76,76,2.3294038758490037,8
76,76,2.3294038758490037,9
76,76,2.3294038758490037,10
77,77,2.306109837090433,1
77,77,2.306109837090433,2
77,77,2.306109837090433,3
77,77,2.306109837090433,4
77,77,2.306109837090433,5
77,77,2.306109837090433,6
77,77,2.306109837090433,7
77,77,2.306109837090433,8
77,77,2.306109837090433,9
77,77,2.306109837090433,10
78,78,2.283048738719572,1
78,78,2.283048738719572,2
78,78,2.283048738719572,3
78,78,2.283048738719572,4
78,78,2.283048738719572,5
78,78,2.283048738719572,6
78,78,2.283048738719572,7
78,78,2.283048738719572,8
78,78,2.283048738719572,9
78,78,2.283048738719572,10
79,79,2.2602182513323887,1
79,79,2.2602182513323887,2
79,79,2.2602182513323887,3
79,79,2.2602182513323887,4
79,79,2.2602182513323887,5
79,79,2.2602182513323887,6
79,79,2.2602182513323887,7
79,79,2.2602182513323887,8
79,79,2.2602182513323887,9
79,79,2.2602182513323887,10
80,80,2.2376160688190763,1
80,80,2.2376160688190763,2
80,80,2.2376160688190763,3
80,80,2.2376160688190763,4
80,80,2.2376160688190763,5
80,80,2.2376160688190763,6
80,80,2.2376160688190763,7
80,80,2.2376160688190763,8
80,80,2.2376160688190763,9
80,80,2.2376160688190763,10
81,81,2.2152399081308687,1
81,81,2.2152399081308687,2
81,81,2.2152399081308687,3
81,81,2.2152399081308687,4
81,81,2.2152399081308687,5
81,81,2.2152399081308687,6
81,81,2.2152399081308687,7
81,81,2.2152399081308687,8
81,81,2.2152399081308687,9
81,81,2.2152399081308687,10
82,82,2.1930875090495614,1
82,82,2.1930875090495614,2
82,82,2.1930875090495614,3
82,82,2.1930875090495614,4
82,82,2.1930875090495614,5
82,82,2.1930875090495614,6
82,82,2.1930875090495614,7
82,82,2.1930875090495614,8
82,82,2.1930875090495614,9
82,82,2.1930875090495614,10
83,83,2.171156633959071,1
83,83,2.171156633959071,2
83,83,2.171156633959071,3
83,83,2.171156633959071,4
83,83,2.171156633959071,5
83,83,2.171156633959071,6
83,83,2.171156633959071,7
83,83,2.171156633959071,8
83,83,2.171156633959071,9
83,83,2.171156633959071,10
84,84,2.1494450676195314,1
84,84,2.1494450676195314,2
84,84,2.1494450676195314,3
84,84,2.1494450676195314,4
84,84,2.1494450676195314,5
84,84,2.1494450676195314,6
84,84,2.1494450676195314,7
84,84,2.1494450676195314,8
84,84,2.1494450676195314,9
84,84,2.1494450676195314,10
85,85,2.127950616943254,1
85,85,2.127950616943254,2
85,85,2.127950616943254,3
85,85,2.127950616943254,4
85,85,2.127950616943254,5
85,85,2.127950616943254,6
85,85,2.127950616943254,7
85,85,2.127950616943254,8
85,85,2.127950616943254,9
85,85,2.127950616943254,10
86,86,2.1066711107737826,1
86,86,2.1066711107737826,2
86,86,2.1066711107737826,3
86,86,2.1066711107737826,4
86,86,2.1066711107737826,5
86,86,2.1066711107737826,6
86,86,2.1066711107737826,7
86,86,2.1066711107737826,8
86,86,2.1066711107737826,9
86,86,2.1066711107737826,10
87,87,2.085604399666118,1
87,87,2.085604399666118,2
87,87,2.085604399666118,3
87,87,2.085604399666118,4
87,87,2.085604399666118,5
87,87,2.085604399666118,6
87,87,2.085604399666118,7
87,87,2.085604399666118,8
87,87,2.085604399666118,9
87,87,2.085604399666118,10
88,88,2.0647483556694683,1
88,88,2.0647483556694683,2
88,88,2.0647483556694683,3
88,88,2.0647483556694683,4
88,88,2.0647483556694683,5
88,88,2.0647483556694683,6
88,88,2.0647483556694683,7
88,88,2.0647483556694683,8
88,88,2.0647483556694683,9
88,88,2.0647483556694683,10
89,89,2.0441008721127254,1
89,89,2.0441008721127254,2
89,89,2.0441008721127254,3
89,89,2.0441008721127254,4
89,89,2.0441008721127254,5
89,89,2.0441008721127254,6
89,89,2.0441008721127254,7
89,89,2.0441008721127254,8
89,89,2.0441008721127254,9
89,89,2.0441008721127254,10
90,90,2.0236598633916296,1
90,90,2.0236598633916296,2
90,90,2.0236598633916296,3
90,90,2.0236598633916296,4
90,90,2.0236598633916296,5
90,90,2.0236598633916296,6
90,90,2.0236598633916296,7
90,90,2.0236598633916296,8
90,90,2.0236598633916296,9
90,90,2.0236598633916296,10
91,91,2.00342326475767,1
91,91,2.00342326475767,2
91,91,2.00342326475767,3
91,91,2.00342326475767,4
91,91,2.00342326475767,5
91,91,2.00342326475767,6
91,91,2.00342326475767,7
91,91,2.00342326475767,8
91,91,2.00342326475767,9
91,91,2.00342326475767,10
92,92,1.9833890321101502,1
92,92,1.9833890321101502,2
92,92,1.9833890321101502,3
92,92,1.9833890321101502,4
92,92,1.9833890321101502,5
92,92,1.9833890321101502,6
92,92,1.9833890321101502,7
92,92,1.9833890321101502,8
92,92,1.9833890321101502,9
92,92,1.9833890321101502,10
93,93,1.9635551417890753,1
93,93,1.9635551417890753,2
93,93,1.9635551417890753,3
93,93,1.9635551417890753,4
93,93,1.9635551417890753,5
93,93,1.9635551417890753,6
93,93,1.9635551417890753,7
93,93,1.9635551417890753,8
93,93,1.9635551417890753,9
93,93,1.9635551417890753,10
94,94,1.9439195903710793,1
94,94,1.9439195903710793,2
94,94,1.9439195903710793,3
94,94,1.9439195903710793,4
94,94,1.9439195903710793,5
94,94,1.9439195903710793,6
94,94,1.9439195903710793,7
94,94,1.9439195903710793,8
94,94,1.9439195903710793,9
94,94,1.9439195903710793,10
95,95,1.9244803944674813,1
95,95,1.9244803944674813,2
95,95,1.9244803944674813,3
95,95,1.9244803944674813,4
95,95,1.9244803944674813,5
95,95,1.9244803944674813,6
95,95,1.9244803944674813,7
95,95,1.9244803944674813,8
95,95,1.9244803944674813,9
95,95,1.9244803944674813,10
96,96,1.9052355905227647,1
96,96,1.9052355905227647,2
96,96,1.9052355905227647,3
96,96,1.9052355905227647,4
96,96,1.9052355905227647,5
96,96,1.9052355905227647,6
96,96,1.9052355905227647,7
96,96,1.9052355905227647,8
96,96,1.9052355905227647,9
96,96,1.9052355905227647,10
97,97,1.8861832346174756,1
97,97,1.8861832346174756,2
97,97,1.8861832346174756,3
97,97,1.8861832346174756,4
97,97,1.8861832346174756,5
97,97,1.8861832346174756,6
97,97,1.8861832346174756,7
97,97,1.8861832346174756,8
97,97,1.8861832346174756,9
97,97,1.8861832346174756,10
98,98,1.8673214022713185,1
98,98,1.8673214022713185,2
98,98,1.8673214022713185,3
98,98,1.8673214022713185,4
98,98,1.8673214022713185,5
98,98,1.8673214022713185,6
98,98,1.8673214022713185,7
98,98,1.8673214022713185,8
98,98,1.8673214022713185,9
98,98,1.8673214022713185,10
99,99,1.8486481882486698,1
99,99,1.8486481882486698,2
99,99,1.8486481882486698,3
99,99,1.8486481882486698,4
99,99,1.8486481882486698,5
99,99,1.8486481882486698,6
99,99,1.8486481882486698,7
99,99,1.8486481882486698,8
99,99,1.8486481882486698,9
99,99,1.8486481882486698,10
100,100,1.8301617063661835,1
100,100,1.8301617063661835,2
100,100,1.8301617063661835,3
100,100,1.8301617063661835,4
100,100,1.8301617063661835,5
100,100,1.8301617063661835,6
100,100,1.8301617063661835,7
100,100,1.8301617063661835,8
100,100,1.8301617063661835,9
100,100,1.8301617063661835,10
101,101,1.8118600893024548,1
101,101,1.8118600893024548,2
101,101,1.8118600893024548,3
101,101,1.8118600893024548,4
101,101,1.8118600893024548,5
101,101,1.8118600893024548,6
101,101,1.8118600893024548,7
101,101,1.8118600893024548,8
101,101,1.8118600893024548,9
101,101,1.8118600893024548,10
102,102,1.7937414884094784,1
102,102,1.7937414884094784,2
102,102,1.7937414884094784,3
102,102,1.7937414884094784,4
102,102,1.7937414884094784,5
102,102,1.7937414884094784,6
102,102,1.7937414884094784,7
102,102,1.7937414884094784,8
102,102,1.7937414884094784,9
102,102,1.7937414884094784,10
103,103,1.775804073525418,1
103,103,1.775804073525418,2
103,103,1.775804073525418,3
103,103,1.775804073525418,4
103,103,1.775804073525418,5
103,103,1.775804073525418,6
103,103,1.775804073525418,7
103,103,1.775804073525418,8
103,103,1.775804073525418,9
103,103,1.775804073525418,10
104,104,1.7580460327901473,1
104,104,1.7580460327901473,2
104,104,1.7580460327901473,3
104,104,1.7580460327901473,4
104,104,1.7580460327901473,5
104,104,1.7580460327901473,6
104,104,1.7580460327901473,7
104,104,1.7580460327901473,8
104,104,1.7580460327901473,9
104,104,1.7580460327901473,10
105,105,1.7404655724622,1
105,105,1.7404655724622,2
105,105,1.7404655724622,3
105,105,1.7404655724622,4
105,105,1.7404655724622,5
105,105,1.7404655724622,6
105,105,1.7404655724622,7
105,105,1.7404655724622,8
105,105,1.7404655724622,9
105,105,1.7404655724622,10
106,106,1.723060916737554,1
106,106,1.723060916737554,2
106,106,1.723060916737554,3
106,106,1.723060916737554,4
106,106,1.723060916737554,5
106,106,1.723060916737554,6
106,106,1.723060916737554,7
106,106,1.723060916737554,8
106,106,1.723060916737554,9
106,106,1.723060916737554,10
107,107,1.7058303075702446,1
107,107,1.7058303075702446,2
107,107,1.7058303075702446,3
107,107,1.7058303075702446,4
107,107,1.7058303075702446,5
107,107,1.7058303075702446,6
107,107,1.7058303075702446,7
107,107,1.7058303075702446,8
107,107,1.7058303075702446,9
107,107,1.7058303075702446,10
108,108,1.688772004494482,1
108,108,1.688772004494482,2
108,108,1.688772004494482,3
108,108,1.688772004494482,4
108,108,1.688772004494482,5
108,108,1.688772004494482,6
108,108,1.688772004494482,7
108,108,1.688772004494482,8
108,108,1.688772004494482,9
108,108,1.688772004494482,10
109,109,1.6718842844495616,1
109,109,1.6718842844495616,2
109,109,1.6718842844495616,3
109,109,1.6718842844495616,4
109,109,1.6718842844495616,5
109,109,1.6718842844495616,6
109,109,1.6718842844495616,7
109,109,1.6718842844495616,8
109,109,1.6718842844495616,9
109,109,1.6718842844495616,10
110,110,1.655165441605053,1
110,110,1.655165441605053,2
110,110,1.655165441605053,3
110,110,1.655165441605053,4
110,110,1.655165441605053,5
110,110,1.655165441605053,6
110,110,1.655165441605053,7
110,110,1.655165441605053,8
110,110,1.655165441605053,9
110,110,1.655165441605053,10
111,111,1.6386137871890532,1
111,111,1.6386137871890532,2
111,111,1.6386137871890532,3
111,111,1.6386137871890532,4
111,111,1.6386137871890532,5
111,111,1.6386137871890532,6
111,111,1.6386137871890532,7
111,111,1.6386137871890532,8
111,111,1.6386137871890532,9
111,111,1.6386137871890532,10
112,112,1.6222276493171568,1
112,112,1.6222276493171568,2
112,112,1.6222276493171568,3
112,112,1.6222276493171568,4
112,112,1.6222276493171568,5
112,112,1.6222276493171568,6
112,112,1.6222276493171568,7
112,112,1.6222276493171568,8
112,112,1.6222276493171568,9
112,112,1.6222276493171568,10
113,113,1.6060053728239783,1
113,113,1.6060053728239783,2
113,113,1.6060053728239783,3
113,113,1.6060053728239783,4
113,113,1.6060053728239783,5
113,113,1.6060053728239783,6
113,113,1.6060053728239783,7
113,113,1.6060053728239783,8
113,113,1.6060053728239783,9
113,113,1.6060053728239783,10
114,114,1.589945319095708,1
114,114,1.589945319095708,2
114,114,1.589945319095708,3
114,114,1.589945319095708,4
114,114,1.589945319095708,5
114,114,1.589945319095708,6
114,114,1.589945319095708,7
114,114,1.589945319095708,8
114,114,1.589945319095708,9
114,114,1.589945319095708,10
115,115,1.5740458659047405,1
115,115,1.5740458659047405,2
115,115,1.5740458659047405,3
115,115,1.5740458659047405,4
115,115,1.5740458659047405,5
115,115,1.5740458659047405,6
115,115,1.5740458659047405,7
115,115,1.5740458659047405,8
115,115,1.5740458659047405,9
115,115,1.5740458659047405,10
116,116,1.558305407245757,1
116,116,1.558305407245757,2
116,116,1.558305407245757,3
116,116,1.558305407245757,4
116,116,1.558305407245757,5
116,116,1.558305407245757,6
116,116,1.558305407245757,7
116,116,1.558305407245757,8
116,116,1.558305407245757,9
116,116,1.558305407245757,10
117,117,1.5427223531732872,1
117,117,1.5427223531732872,2
117,117,1.5427223531732872,3
117,117,1.5427223531732872,4
117,117,1.5427223531732872,5
117,117,1.5427223531732872,6
117,117,1.5427223531732872,7
117,117,1.5427223531732872,8
117,117,1.5427223531732872,9
117,117,1.5427223531732872,10
118,118,1.5272951296415167,1
118,118,1.5272951296415167,2
118,118,1.5272951296415167,3
118,118,1.5272951296415167,4
118,118,1.5272951296415167,5
118,118,1.5272951296415167,6
118,118,1.5272951296415167,7
118,118,1.5272951296415167,8
118,118,1.5272951296415167,9
118,118,1.5272951296415167,10
119,119,1.512022178345138,1
119,119,1.512022178345138,2
119,119,1.512022178345138,3
119,119,1.512022178345138,4
119,119,1.512022178345138,5
119,119,1.512022178345138,6
119,119,1.512022178345138,7
119,119,1.512022178345138,8
119,119,1.512022178345138,9
119,119,1.512022178345138,10
120,120,1.4969019565616966,1
120,120,1.4969019565616966,2
120,120,1.4969019565616966,3
120,120,1.4969019565616966,4
120,120,1.4969019565616966,5
120,120,1.4969019565616966,6
120,120,1.4969019565616966,7
120,120,1.4969019565616966,8
120,120,1.4969019565616966,9
120,120,1.4969019565616966,10
121,121,1.4819329369960739,1
121,121,1.4819329369960739,2
121,121,1.4819329369960739,3
121,121,1.4819329369960739,4
121,121,1.4819329369960739,5
121,121,1.4819329369960739,6
121,121,1.4819329369960739,7
121,121,1.4819329369960739,8
121,121,1.4819329369960739,9
121,121,1.4819329369960739,10
122,122,1.4671136076260647,1
122,122,1.4671136076260647,2
122,122,1.4671136076260647,3
122,122,1.4671136076260647,4
122,122,1.4671136076260647,5
122,122,1.4671136076260647,6
122,122,1.4671136076260647,7
122,122,1.4671136076260647,8
122,122,1.4671136076260647,9
122,122,1.4671136076260647,10
123,123,1.4524424715498288,1
123,123,1.4524424715498288,2
123,123,1.4524424715498288,3
123,123,1.4524424715498288,4
123,123,1.4524424715498288,5
123,123,1.4524424715498288,6
123,123,1.4524424715498288,7
123,123,1.4524424715498288,8
123,123,1.4524424715498288,9
123,123,1.4524424715498288,10
124,124,1.437918046834299,1
124,124,1.437918046834299,2
124,124,1.437918046834299,3
124,124,1.437918046834299,4
124,124,1.437918046834299,5
124,124,1.437918046834299,6
124,124,1.437918046834299,7
124,124,1.437918046834299,8
124,124,1.437918046834299,9
124,124,1.437918046834299,10
125,125,1.423538866366001,1
125,125,1.423538866366001,2
125,125,1.423538866366001,3
125,125,1.423538866366001,4
125,125,1.423538866366001,5
125,125,1.423538866366001,6
125,125,1.423538866366001,7
125,125,1.423538866366001,8
125,125,1.423538866366001,9
125,125,1.423538866366001,10
126,126,1.409303477702296,1
126,126,1.409303477702296,2
126,126,1.409303477702296,3
126,126,1.409303477702296,4
126,126,1.409303477702296,5
126,126,1.409303477702296,6
126,126,1.409303477702296,7
126,126,1.409303477702296,8
126,126,1.409303477702296,9
126,126,1.409303477702296,10
127,127,1.3952104429252659,1
127,127,1.3952104429252659,2
127,127,1.3952104429252659,3
127,127,1.3952104429252659,4
127,127,1.3952104429252659,5
127,127,1.3952104429252659,6
127,127,1.3952104429252659,7
127,127,1.3952104429252659,8
127,127,1.3952104429252659,9
127,127,1.3952104429252659,10
128,128,1.3812583384960662,1
128,128,1.3812583384960662,2
128,128,1.3812583384960662,3
128,128,1.3812583384960662,4
128,128,1.3812583384960662,5
128,128,1.3812583384960662,6
128,128,1.3812583384960662,7
128,128,1.3812583384960662,8
128,128,1.3812583384960662,9
128,128,1.3812583384960662,10
129,129,1.3674457551110797,1
129,129,1.3674457551110797,2
129,129,1.3674457551110797,3
129,129,1.3674457551110797,4
129,129,1.3674457551110797,5
129,129,1.3674457551110797,6
129,129,1.3674457551110797,7
129,129,1.3674457551110797,8
129,129,1.3674457551110797,9
129,129,1.3674457551110797,10
130,130,1.353771297559952,1
130,130,1.353771297559952,2
130,130,1.353771297559952,3
130,130,1.353771297559952,4
130,130,1.353771297559952,5
130,130,1.353771297559952,6
130,130,1.353771297559952,7
130,130,1.353771297559952,8
130,130,1.353771297559952,9
130,130,1.353771297559952,10
131,131,1.340233584584378,1
131,131,1.340233584584378,2
131,131,1.340233584584378,3
131,131,1.340233584584378,4
131,131,1.340233584584378,5
131,131,1.340233584584378,6
131,131,1.340233584584378,7
131,131,1.340233584584378,8
131,131,1.340233584584378,9
131,131,1.340233584584378,10
132,132,1.326831248738492,1
132,132,1.326831248738492,2
132,132,1.326831248738492,3
132,132,1.326831248738492,4
132,132,1.326831248738492,5
132,132,1.326831248738492,6
132,132,1.326831248738492,7
132,132,1.326831248738492,8
132,132,1.326831248738492,9
132,132,1.326831248738492,10
133,133,1.313562936251158,1
133,133,1.313562936251158,2
133,133,1.313562936251158,3
133,133,1.313562936251158,4
133,133,1.313562936251158,5
133,133,1.313562936251158,6
133,133,1.313562936251158,7
133,133,1.313562936251158,8
133,133,1.313562936251158,9
133,133,1.313562936251158,10
134,134,1.3004273068886463,1
134,134,1.3004273068886463,2
134,134,1.3004273068886463,3
134,134,1.3004273068886463,4
134,134,1.3004273068886463,5
134,134,1.3004273068886463,6
134,134,1.3004273068886463,7
134,134,1.3004273068886463,8
134,134,1.3004273068886463,9
134,134,1.3004273068886463,10
135,135,1.2874230338197619,1
135,135,1.2874230338197619,2
135,135,1.2874230338197619,3
135,135,1.2874230338197619,4
135,135,1.2874230338197619,5
135,135,1.2874230338197619,6
135,135,1.2874230338197619,7
135,135,1.2874230338197619,8
135,135,1.2874230338197619,9
135,135,1.2874230338197619,10
136,136,1.2745488034815737,1
136,136,1.2745488034815737,2
136,136,1.2745488034815737,3
136,136,1.2745488034815737,4
136,136,1.2745488034815737,5
136,136,1.2745488034815737,6
136,136,1.2745488034815737,7
136,136,1.2745488034815737,8
136,136,1.2745488034815737,9
136,136,1.2745488034815737,10
137,137,1.26180331544674,1
137,137,1.26180331544674,2
137,137,1.26180331544674,3
137,137,1.26180331544674,4
137,137,1.26180331544674,5
137,137,1.26180331544674,6
137,137,1.26180331544674,7
137,137,1.26180331544674,8
137,137,1.26180331544674,9
137,137,1.26180331544674,10
138,138,1.2491852822922727,1
138,138,1.2491852822922727,2
138,138,1.2491852822922727,3
138,138,1.2491852822922727,4
138,138,1.2491852822922727,5
138,138,1.2491852822922727,6
138,138,1.2491852822922727,7
138,138,1.2491852822922727,8
138,138,1.2491852822922727,9
138,138,1.2491852822922727,10
139,139,1.236693429469364,1
139,139,1.236693429469364,2
139,139,1.236693429469364,3
139,139,1.236693429469364,4
139,139,1.236693429469364,5
139,139,1.236693429469364,6
139,139,1.236693429469364,7
139,139,1.236693429469364,8
139,139,1.236693429469364,9
139,139,1.236693429469364,10
140,140,1.2243264951746384,1
140,140,1.2243264951746384,2
140,140,1.2243264951746384,3
140,140,1.2243264951746384,4
140,140,1.2243264951746384,5
140,140,1.2243264951746384,6
140,140,1.2243264951746384,7
140,140,1.2243264951746384,8
140,140,1.2243264951746384,9
140,140,1.2243264951746384,10
141,141,1.2120832302229274,1
141,141,1.2120832302229274,2
141,141,1.2120832302229274,3
141,141,1.2120832302229274,4
141,141,1.2120832302229274,5
141,141,1.2120832302229274,6
141,141,1.2120832302229274,7
141,141,1.2120832302229274,8
141,141,1.2120832302229274,9
141,141,1.2120832302229274,10
142,142,1.199962397920672,1
142,142,1.199962397920672,2
142,142,1.199962397920672,3
142,142,1.199962397920672,4
142,142,1.199962397920672,5
142,142,1.199962397920672,6
142,142,1.199962397920672,7
142,142,1.199962397920672,8
142,142,1.199962397920672,9
142,142,1.199962397920672,10
143,143,1.1879627739414667,1
143,143,1.1879627739414667,2
143,143,1.1879627739414667,3
143,143,1.1879627739414667,4
143,143,1.1879627739414667,5
143,143,1.1879627739414667,6
143,143,1.1879627739414667,7
143,143,1.1879627739414667,8
143,143,1.1879627739414667,9
143,143,1.1879627739414667,10
144,144,1.1760831462020354,1
144,144,1.1760831462020354,2
144,144,1.1760831462020354,3
144,144,1.1760831462020354,4
144,144,1.1760831462020354,5
144,144,1.1760831462020354,6
144,144,1.1760831462020354,7
144,144,1.1760831462020354,8
144,144,1.1760831462020354,9
144,144,1.1760831462020354,10
145,145,1.1643223147400432,1
145,145,1.1643223147400432,2
145,145,1.1643223147400432,3
145,145,1.1643223147400432,4
145,145,1.1643223147400432,5
145,145,1.1643223147400432,6
145,145,1.1643223147400432,7
145,145,1.1643223147400432,8
145,145,1.1643223147400432,9
145,145,1.1643223147400432,10
146,146,1.1526790915926102,1
146,146,1.1526790915926102,2
146,146,1.1526790915926102,3
146,146,1.1526790915926102,4
146,146,1.1526790915926102,5
146,146,1.1526790915926102,6
146,146,1.1526790915926102,7
146,146,1.1526790915926102,8
146,146,1.1526790915926102,9
146,146,1.1526790915926102,10
147,147,1.141152300676688,1
147,147,1.141152300676688,2
147,147,1.141152300676688,3
147,147,1.141152300676688,4
147,147,1.141152300676688,5
147,147,1.141152300676688,6
147,147,1.141152300676688,7
147,147,1.141152300676688,8
147,147,1.141152300676688,9
147,147,1.141152300676688,10
148,148,1.1297407776699169,1
148,148,1.1297407776699169,2
148,148,1.1297407776699169,3
148,148,1.1297407776699169,4
148,148,1.1297407776699169,5
148,148,1.1297407776699169,6
148,148,1.1297407776699169,7
148,148,1.1297407776699169,8
148,148,1.1297407776699169,9
148,148,1.1297407776699169,10
149,149,1.1184433698932346,1
149,149,1.1184433698932346,2
149,149,1.1184433698932346,3
149,149,1.1184433698932346,4
149,149,1.1184433698932346,5
149,149,1.1184433698932346,6
149,149,1.1184433698932346,7
149,149,1.1184433698932346,8
149,149,1.1184433698932346,9
149,149,1.1184433698932346,10
150,150,1.1072589361942897,1
150,150,1.1072589361942897,2
150,150,1.1072589361942897,3
150,150,1.1072589361942897,4
150,150,1.1072589361942897,5
150,150,1.1072589361942897,6
150,150,1.1072589361942897,7
150,150,1.1072589361942897,8
150,150,1.1072589361942897,9
150,150,1.1072589361942897,10
151,151,1.0961863468323776,1
151,151,1.0961863468323776,2
151,151,1.0961863468323776,3
151,151,1.0961863468323776,4
151,151,1.0961863468323776,5
151,151,1.0961863468323776,6
151,151,1.0961863468323776,7
151,151,1.0961863468323776,8
151,151,1.0961863468323776,9
151,151,1.0961863468323776,10
152,152,1.0852244833640536,1
152,152,1.0852244833640536,2
152,152,1.0852244833640536,3
152,152,1.0852244833640536,4
152,152,1.0852244833640536,5
152,152,1.0852244833640536,6
152,152,1.0852244833640536,7
152,152,1.0852244833640536,8
152,152,1.0852244833640536,9
152,152,1.0852244833640536,10
153,153,1.074372238530393,1
153,153,1.074372238530393,2
153,153,1.074372238530393,3
153,153,1.074372238530393,4
153,153,1.074372238530393,5
153,153,1.074372238530393,6
153,153,1.074372238530393,7
153,153,1.074372238530393,8
153,153,1.074372238530393,9
153,153,1.074372238530393,10
154,154,1.063628516145092,1
154,154,1.063628516145092,2
154,154,1.063628516145092,3
154,154,1.063628516145092,4
154,154,1.063628516145092,5
154,154,1.063628516145092,6
154,154,1.063628516145092,7
154,154,1.063628516145092,8
154,154,1.063628516145092,9
154,154,1.063628516145092,10
155,155,1.0529922309836162,1
155,155,1.0529922309836162,2
155,155,1.0529922309836162,3
155,155,1.0529922309836162,4
155,155,1.0529922309836162,5
155,155,1.0529922309836162,6
155,155,1.0529922309836162,7
155,155,1.0529922309836162,8
155,155,1.0529922309836162,9
155,155,1.0529922309836162,10
156,156,1.0424623086738254,1
156,156,1.0424623086738254,2
156,156,1.0424623086738254,3
156,156,1.0424623086738254,4
156,156,1.0424623086738254,5
156,156,1.0424623086738254,6
156,156,1.0424623086738254,7
156,156,1.0424623086738254,8
156,156,1.0424623086738254,9
156,156,1.0424623086738254,10
157,157,1.032037685587058,1
157,157,1.032037685587058,2
157,157,1.032037685587058,3
157,157,1.032037685587058,4
157,157,1.032037685587058,5
157,157,1.032037685587058,6
157,157,1.032037685587058,7
157,157,1.032037685587058,8
157,157,1.032037685587058,9
157,157,1.032037685587058,10
158,158,1.021717308731219,1
158,158,1.021717308731219,2
158,158,1.021717308731219,3
158,158,1.021717308731219,4
158,158,1.021717308731219,5
158,158,1.021717308731219,6
158,158,1.021717308731219,7
158,158,1.021717308731219,8
158,158,1.021717308731219,9
158,158,1.021717308731219,10
159,159,1.0115001356439064,1
159,159,1.0115001356439064,2
159,159,1.0115001356439064,3
159,159,1.0115001356439064,4
159,159,1.0115001356439064,5
159,159,1.0115001356439064,6
159,159,1.0115001356439064,7
159,159,1.0115001356439064,8
159,159,1.0115001356439064,9
159,159,1.0115001356439064,10
160,160,1.00138513428746,1
160,160,1.00138513428746,2
160,160,1.00138513428746,3
160,160,1.00138513428746,4
160,160,1.00138513428746,5
160,160,1.00138513428746,6
160,160,1.00138513428746,7
160,160,1.00138513428746,8
160,160,1.00138513428746,9
160,160,1.00138513428746,10
161,161,0.991371282944561,1
161,161,0.991371282944561,2
161,161,0.991371282944561,3
161,161,0.991371282944561,4
161,161,0.991371282944561,5
161,161,0.991371282944561,6
161,161,0.991371282944561,7
161,161,0.991371282944561,8
161,161,0.991371282944561,9
161,161,0.991371282944561,10
162,162,0.9814575701151335,1
162,162,0.9814575701151335,2
162,162,0.9814575701151335,3
162,162,0.9814575701151335,4
162,162,0.9814575701151335,5
162,162,0.9814575701151335,6
162,162,0.9814575701151335,7
162,162,0.9814575701151335,8
162,162,0.9814575701151335,9
162,162,0.9814575701151335,10
163,163,0.9716429944139695,1
163,163,0.9716429944139695,2
163,163,0.9716429944139695,3
163,163,0.9716429944139695,4
163,163,0.9716429944139695,5
163,163,0.9716429944139695,6
163,163,0.9716429944139695,7
163,163,0.9716429944139695,8
163,163,0.9716429944139695,9
163,163,0.9716429944139695,10
164,164,0.9619265644698546,1
164,164,0.9619265644698546,2
164,164,0.9619265644698546,3
164,164,0.9619265644698546,4
164,164,0.9619265644698546,5
164,164,0.9619265644698546,6
164,164,0.9619265644698546,7
164,164,0.9619265644698546,8
164,164,0.9619265644698546,9
164,164,0.9619265644698546,10
165,165,0.952307298825162,1
165,165,0.952307298825162,2
165,165,0.952307298825162,3
165,165,0.952307298825162,4
165,165,0.952307298825162,5
165,165,0.952307298825162,6
165,165,0.952307298825162,7
165,165,0.952307298825162,8
165,165,0.952307298825162,9
165,165,0.952307298825162,10
166,166,0.9427842258369042,1
166,166,0.9427842258369042,2
166,166,0.9427842258369042,3
166,166,0.9427842258369042,4
166,166,0.9427842258369042,5
166,166,0.9427842258369042,6
166,166,0.9427842258369042,7
166,166,0.9427842258369042,8
166,166,0.9427842258369042,9
166,166,0.9427842258369042,10
167,167,0.9333563835785063,1
167,167,0.9333563835785063,2
167,167,0.9333563835785063,3
167,167,0.9333563835785063,4
167,167,0.9333563835785063,5
167,167,0.9333563835785063,6
167,167,0.9333563835785063,7
167,167,0.9333563835785063,8
167,167,0.9333563835785063,9
167,167,0.9333563835785063,10
168,168,0.9240228197427315,1
168,168,0.9240228197427315,2
168,168,0.9240228197427315,3
168,168,0.9240228197427315,4
168,168,0.9240228197427315,5
168,168,0.9240228197427315,6
168,168,0.9240228197427315,7
168,168,0.9240228197427315,8
168,168,0.9240228197427315,9
168,168,0.9240228197427315,10
169,169,0.9147825915453042,1
169,169,0.9147825915453042,2
169,169,0.9147825915453042,3
169,169,0.9147825915453042,4
169,169,0.9147825915453042,5
169,169,0.9147825915453042,6
169,169,0.9147825915453042,7
169,169,0.9147825915453042,8
169,169,0.9147825915453042,9
169,169,0.9147825915453042,10
170,170,0.9056347656298618,1
170,170,0.9056347656298618,2
170,170,0.9056347656298618,3
170,170,0.9056347656298618,4
170,170,0.9056347656298618,5
170,170,0.9056347656298618,6
170,170,0.9056347656298618,7
170,170,0.9056347656298618,8
170,170,0.9056347656298618,9
170,170,0.9056347656298618,10
171,171,0.8965784179735304,1
171,171,0.8965784179735304,2
171,171,0.8965784179735304,3
171,171,0.8965784179735304,4
171,171,0.8965784179735304,5
171,171,0.8965784179735304,6
171,171,0.8965784179735304,7
171,171,0.8965784179735304,8
171,171,0.8965784179735304,9
171,171,0.8965784179735304,10
172,172,0.8876126337937946,1
172,172,0.8876126337937946,2
172,172,0.8876126337937946,3
172,172,0.8876126337937946,4
172,172,0.8876126337937946,5
172,172,0.8876126337937946,6
172,172,0.8876126337937946,7
172,172,0.8876126337937946,8
172,172,0.8876126337937946,9
172,172,0.8876126337937946,10
173,173,0.8787365074558708,1
173,173,0.8787365074558708,2
173,173,0.8787365074558708,3
173,173,0.8787365074558708,4
173,173,0.8787365074558708,5
173,173,0.8787365074558708,6
173,173,0.8787365074558708,7
173,173,0.8787365074558708,8
173,173,0.8787365074558708,9
173,173,0.8787365074558708,10
174,174,0.8699491423813077,1
174,174,0.8699491423813077,2
174,174,0.8699491423813077,3
174,174,0.8699491423813077,4
174,174,0.8699491423813077,5
174,174,0.8699491423813077,6
174,174,0.8699491423813077,7
174,174,0.8699491423813077,8
174,174,0.8699491423813077,9
174,174,0.8699491423813077,10
175,175,0.8612496509574906,1
175,175,0.8612496509574906,2
175,175,0.8612496509574906,3
175,175,0.8612496509574906,4
175,175,0.8612496509574906,5
175,175,0.8612496509574906,6
175,175,0.8612496509574906,7
175,175,0.8612496509574906,8
175,175,0.8612496509574906,9
175,175,0.8612496509574906,10
176,176,0.8526371544479381,1
176,176,0.8526371544479381,2
176,176,0.8526371544479381,3
176,176,0.8526371544479381,4
176,176,0.8526371544479381,5
176,176,0.8526371544479381,6
176,176,0.8526371544479381,7
176,176,0.8526371544479381,8
176,176,0.8526371544479381,9
176,176,0.8526371544479381,10
177,177,0.8441107829034693,1
177,177,0.8441107829034693,2
177,177,0.8441107829034693,3
177,177,0.8441107829034693,4
177,177,0.8441107829034693,5
177,177,0.8441107829034693,6
177,177,0.8441107829034693,7
177,177,0.8441107829034693,8
177,177,0.8441107829034693,9
177,177,0.8441107829034693,10
178,178,0.8356696750744261,1
178,178,0.8356696750744261,2
178,178,0.8356696750744261,3
178,178,0.8356696750744261,4
178,178,0.8356696750744261,5
178,178,0.8356696750744261,6
178,178,0.8356696750744261,7
178,178,0.8356696750744261,8
178,178,0.8356696750744261,9
178,178,0.8356696750744261,10
179,179,0.8273129783236753,1
179,179,0.8273129783236753,2
179,179,0.8273129783236753,3
179,179,0.8273129783236753,4
179,179,0.8273129783236753,5
179,179,0.8273129783236753,6
179,179,0.8273129783236753,7
179,179,0.8273129783236753,8
179,179,0.8273129783236753,9
179,179,0.8273129783236753,10
180,180,0.8190398485404492,1
180,180,0.8190398485404492,2
180,180,0.8190398485404492,3
180,180,0.8190398485404492,4
180,180,0.8190398485404492,5
180,180,0.8190398485404492,6
180,180,0.8190398485404492,7
180,180,0.8190398485404492,8
180,180,0.8190398485404492,9
180,180,0.8190398485404492,10
181,181,0.8108494500550272,1
181,181,0.8108494500550272,2
181,181,0.8108494500550272,3
181,181,0.8108494500550272,4
181,181,0.8108494500550272,5
181,181,0.8108494500550272,6
181,181,0.8108494500550272,7
181,181,0.8108494500550272,8
181,181,0.8108494500550272,9
181,181,0.8108494500550272,10
182,182,0.802740955554468,1
182,182,0.802740955554468,2
182,182,0.802740955554468,3
182,182,0.802740955554468,4
182,182,0.802740955554468,5
182,182,0.802740955554468,6
182,182,0.802740955554468,7
182,182,0.802740955554468,8
182,182,0.802740955554468,9
182,182,0.802740955554468,10
183,183,0.7947135459989216,1
183,183,0.7947135459989216,2
183,183,0.7947135459989216,3
183,183,0.7947135459989216,4
183,183,0.7947135459989216,5
183,183,0.7947135459989216,6
183,183,0.7947135459989216,7
183,183,0.7947135459989216,8
183,183,0.7947135459989216,9
183,183,0.7947135459989216,10
184,184,0.7867664105389426,1
184,184,0.7867664105389426,2
184,184,0.7867664105389426,3
184,184,0.7867664105389426,4
184,184,0.7867664105389426,5
184,184,0.7867664105389426,6
184,184,0.7867664105389426,7
184,184,0.7867664105389426,8
184,184,0.7867664105389426,9
184,184,0.7867664105389426,10
185,185,0.7788987464335752,1
185,185,0.7788987464335752,2
185,185,0.7788987464335752,3
185,185,0.7788987464335752,4
185,185,0.7788987464335752,5
185,185,0.7788987464335752,6
185,185,0.7788987464335752,7
185,185,0.7788987464335752,8
185,185,0.7788987464335752,9
185,185,0.7788987464335752,10
186,186,0.7711097589692324,1
186,186,0.7711097589692324,2
186,186,0.7711097589692324,3
186,186,0.7711097589692324,4
186,186,0.7711097589692324,5
186,186,0.7711097589692324,6
186,186,0.7711097589692324,7
186,186,0.7711097589692324,8
186,186,0.7711097589692324,9
186,186,0.7711097589692324,10
187,187,0.7633986613795165,1
187,187,0.7633986613795165,2
187,187,0.7633986613795165,3
187,187,0.7633986613795165,4
187,187,0.7633986613795165,5
187,187,0.7633986613795165,6
187,187,0.7633986613795165,7
187,187,0.7633986613795165,8
187,187,0.7633986613795165,9
187,187,0.7633986613795165,10
188,188,0.7557646747657228,1
188,188,0.7557646747657228,2
188,188,0.7557646747657228,3
188,188,0.7557646747657228,4
188,188,0.7557646747657228,5
188,188,0.7557646747657228,6
188,188,0.7557646747657228,7
188,188,0.7557646747657228,8
188,188,0.7557646747657228,9
188,188,0.7557646747657228,10
189,189,0.7482070280180921,1
189,189,0.7482070280180921,2
189,189,0.7482070280180921,3
189,189,0.7482070280180921,4
189,189,0.7482070280180921,5
189,189,0.7482070280180921,6
189,189,0.7482070280180921,7
189,189,0.7482070280180921,8
189,189,0.7482070280180921,9
189,189,0.7482070280180921,10
190,190,0.7407249577379097,1
190,190,0.7407249577379097,2
190,190,0.7407249577379097,3
190,190,0.7407249577379097,4
190,190,0.7407249577379097,5
190,190,0.7407249577379097,6
190,190,0.7407249577379097,7
190,190,0.7407249577379097,8
190,190,0.7407249577379097,9
190,190,0.7407249577379097,10
191,191,0.7333177081605123,1
191,191,0.7333177081605123,2
191,191,0.7333177081605123,3
191,191,0.7333177081605123,4
191,191,0.7333177081605123,5
191,191,0.7333177081605123,6
191,191,0.7333177081605123,7
191,191,0.7333177081605123,8
191,191,0.7333177081605123,9
191,191,0.7333177081605123,10
192,192,0.7259845310789008,1
192,192,0.7259845310789008,2
192,192,0.7259845310789008,3
192,192,0.7259845310789008,4
192,192,0.7259845310789008,5
192,192,0.7259845310789008,6
192,192,0.7259845310789008,7
192,192,0.7259845310789008,8
192,192,0.7259845310789008,9
192,192,0.7259845310789008,10
193,193,0.7187246857681356,1
193,193,0.7187246857681356,2
193,193,0.7187246857681356,3
193,193,0.7187246857681356,4
193,193,0.7187246857681356,5
193,193,0.7187246857681356,6
193,193,0.7187246857681356,7
193,193,0.7187246857681356,8
193,193,0.7187246857681356,9
193,193,0.7187246857681356,10
194,194,0.7115374389104523,1
194,194,0.7115374389104523,2
194,194,0.7115374389104523,3
194,194,0.7115374389104523,4
194,194,0.7115374389104523,5
194,194,0.7115374389104523,6
194,194,0.7115374389104523,7
194,194,0.7115374389104523,8
194,194,0.7115374389104523,9
194,194,0.7115374389104523,10
195,195,0.7044220645213576,1
195,195,0.7044220645213576,2
195,195,0.7044220645213576,3
195,195,0.7044220645213576,4
195,195,0.7044220645213576,5
195,195,0.7044220645213576,6
195,195,0.7044220645213576,7
195,195,0.7044220645213576,8
195,195,0.7044220645213576,9
195,195,0.7044220645213576,10
196,196,0.6973778438761262,1
196,196,0.6973778438761262,2
196,196,0.6973778438761262,3
196,196,0.6973778438761262,4
196,196,0.6973778438761262,5
196,196,0.6973778438761262,6
196,196,0.6973778438761262,7
196,196,0.6973778438761262,8
196,196,0.6973778438761262,9
196,196,0.6973778438761262,10
197,197,0.6904040654373743,1
197,197,0.6904040654373743,2
197,197,0.6904040654373743,3
197,197,0.6904040654373743,4
197,197,0.6904040654373743,5
197,197,0.6904040654373743,6
197,197,0.6904040654373743,7
197,197,0.6904040654373743,8
197,197,0.6904040654373743,9
197,197,0.6904040654373743,10
198,198,0.6835000247829981,1
198,198,0.6835000247829981,2
198,198,0.6835000247829981,3
198,198,0.6835000247829981,4
198,198,0.6835000247829981,5
198,198,0.6835000247829981,6
198,198,0.6835000247829981,7
198,198,0.6835000247829981,8
198,198,0.6835000247829981,9
198,198,0.6835000247829981,10
199,199,0.6766650245351665,1
199,199,0.6766650245351665,2
199,199,0.6766650245351665,3
199,199,0.6766650245351665,4
199,199,0.6766650245351665,5
199,199,0.6766650245351665,6
199,199,0.6766650245351665,7
199,199,0.6766650245351665,8
199,199,0.6766650245351665,9
199,199,0.6766650245351665,10
200,200,0.6698983742898028,1
200,200,0.6698983742898028,2
200,200,0.6698983742898028,3
200,200,0.6698983742898028,4
200,200,0.6698983742898028,5
200,200,0.6698983742898028,6
200,200,0.6698983742898028,7
200,200,0.6698983742898028,8
200,200,0.6698983742898028,9
200,200,0.6698983742898028,10
201,201,0.6631993905469096,1
201,201,0.6631993905469096,2
201,201,0.6631993905469096,3
201,201,0.6631993905469096,4
201,201,0.6631993905469096,5
201,201,0.6631993905469096,6
201,201,0.6631993905469096,7
201,201,0.6631993905469096,8
201,201,0.6631993905469096,9
201,201,0.6631993905469096,10
202,202,0.6565673966414359,1
202,202,0.6565673966414359,2
202,202,0.6565673966414359,3
202,202,0.6565673966414359,4
202,202,0.6565673966414359,5
202,202,0.6565673966414359,6
202,202,0.6565673966414359,7
202,202,0.6565673966414359,8
202,202,0.6565673966414359,9
202,202,0.6565673966414359,10
203,203,0.6500017226750286,1
203,203,0.6500017226750286,2
203,203,0.6500017226750286,3
203,203,0.6500017226750286,4
203,203,0.6500017226750286,5
203,203,0.6500017226750286,6
203,203,0.6500017226750286,7
203,203,0.6500017226750286,8
203,203,0.6500017226750286,9
203,203,0.6500017226750286,10
204,204,0.6435017054482886,1
204,204,0.6435017054482886,2
204,204,0.6435017054482886,3
204,204,0.6435017054482886,4
204,204,0.6435017054482886,5
204,204,0.6435017054482886,6
204,204,0.6435017054482886,7
204,204,0.6435017054482886,8
204,204,0.6435017054482886,9
204,204,0.6435017054482886,10
205,205,0.6370666883938071,1
205,205,0.6370666883938071,2
205,205,0.6370666883938071,3
205,205,0.6370666883938071,4
205,205,0.6370666883938071,5
205,205,0.6370666883938071,6
205,205,0.6370666883938071,7
205,205,0.6370666883938071,8
205,205,0.6370666883938071,9
205,205,0.6370666883938071,10
206,206,0.6306960215098443,1
206,206,0.6306960215098443,2
206,206,0.6306960215098443,3
206,206,0.6306960215098443,4
206,206,0.6306960215098443,5
206,206,0.6306960215098443,6
206,206,0.6306960215098443,7
206,206,0.6306960215098443,8
206,206,0.6306960215098443,9
206,206,0.6306960215098443,10
207,207,0.6243890612947693,1
207,207,0.6243890612947693,2
207,207,0.6243890612947693,3
207,207,0.6243890612947693,4
207,207,0.6243890612947693,5
207,207,0.6243890612947693,6
207,207,0.6243890612947693,7
207,207,0.6243890612947693,8
207,207,0.6243890612947693,9
207,207,0.6243890612947693,10
208,208,0.6181451706818196,1
208,208,0.6181451706818196,2
208,208,0.6181451706818196,3
208,208,0.6181451706818196,4
208,208,0.6181451706818196,5
208,208,0.6181451706818196,6
208,208,0.6181451706818196,7
208,208,0.6181451706818196,8
208,208,0.6181451706818196,9
208,208,0.6181451706818196,10
209,209,0.6119637189749892,1
209,209,0.6119637189749892,2
209,209,0.6119637189749892,3
209,209,0.6119637189749892,4
209,209,0.6119637189749892,5
209,209,0.6119637189749892,6
209,209,0.6119637189749892,7
209,209,0.6119637189749892,8
209,209,0.6119637189749892,9
209,209,0.6119637189749892,10
210,210,0.6058440817852305,1
210,210,0.6058440817852305,2
210,210,0.6058440817852305,3
210,210,0.6058440817852305,4
210,210,0.6058440817852305,5
210,210,0.6058440817852305,6
210,210,0.6058440817852305,7
210,210,0.6058440817852305,8
210,210,0.6058440817852305,9
210,210,0.6058440817852305,10
211,211,0.5997856409674023,1
211,211,0.5997856409674023,2
211,211,0.5997856409674023,3
211,211,0.5997856409674023,4
211,211,0.5997856409674023,5
211,211,0.5997856409674023,6
211,211,0.5997856409674023,7
211,211,0.5997856409674023,8
211,211,0.5997856409674023,9
211,211,0.5997856409674023,10
212,212,0.593787784557707,1
212,212,0.593787784557707,2
212,212,0.593787784557707,3
212,212,0.593787784557707,4
212,212,0.593787784557707,5
212,212,0.593787784557707,6
212,212,0.593787784557707,7
212,212,0.593787784557707,8
212,212,0.593787784557707,9
212,212,0.593787784557707,10
213,213,0.5878499067121425,1
213,213,0.5878499067121425,2
213,213,0.5878499067121425,3
213,213,0.5878499067121425,4
213,213,0.5878499067121425,5
213,213,0.5878499067121425,6
213,213,0.5878499067121425,7
213,213,0.5878499067121425,8
213,213,0.5878499067121425,9
213,213,0.5878499067121425,10
214,214,0.5819714076450258,1
214,214,0.5819714076450258,2
214,214,0.5819714076450258,3
214,214,0.5819714076450258,4
214,214,0.5819714076450258,5
214,214,0.5819714076450258,6
214,214,0.5819714076450258,7
214,214,0.5819714076450258,8
214,214,0.5819714076450258,9
214,214,0.5819714076450258,10
215,215,0.5761516935685794,1
215,215,0.5761516935685794,2
215,215,0.5761516935685794,3
215,215,0.5761516935685794,4
215,215,0.5761516935685794,5
215,215,0.5761516935685794,6
215,215,0.5761516935685794,7
215,215,0.5761516935685794,8
215,215,0.5761516935685794,9
215,215,0.5761516935685794,10
216,216,0.5703901766328738,1
216,216,0.5703901766328738,2
216,216,0.5703901766328738,3
216,216,0.5703901766328738,4
216,216,0.5703901766328738,5
216,216,0.5703901766328738,6
216,216,0.5703901766328738,7
216,216,0.5703901766328738,8
216,216,0.5703901766328738,9
216,216,0.5703901766328738,10
217,217,0.5646862748665548,1
217,217,0.5646862748665548,2
217,217,0.5646862748665548,3
217,217,0.5646862748665548,4
217,217,0.5646862748665548,5
217,217,0.5646862748665548,6
217,217,0.5646862748665548,7
217,217,0.5646862748665548,8
217,217,0.5646862748665548,9
217,217,0.5646862748665548,10
218,218,0.559039412117886,1
218,218,0.559039412117886,2
218,218,0.559039412117886,3
218,218,0.559039412117886,4
218,218,0.559039412117886,5
218,218,0.559039412117886,6
218,218,0.559039412117886,7
218,218,0.559039412117886,8
218,218,0.559039412117886,9
218,218,0.559039412117886,10
219,219,0.5534490179967038,1
219,219,0.5534490179967038,2
219,219,0.5534490179967038,3
219,219,0.5534490179967038,4
219,219,0.5534490179967038,5
219,219,0.5534490179967038,6
219,219,0.5534490179967038,7
219,219,0.5534490179967038,8
219,219,0.5534490179967038,9
219,219,0.5534490179967038,10
220,220,0.5479145278167273,1
220,220,0.5479145278167273,2
220,220,0.5479145278167273,3
220,220,0.5479145278167273,4
220,220,0.5479145278167273,5
220,220,0.5479145278167273,6
220,220,0.5479145278167273,7
220,220,0.5479145278167273,8
220,220,0.5479145278167273,9
220,220,0.5479145278167273,10
221,221,0.5424353825385796,1
221,221,0.5424353825385796,2
221,221,0.5424353825385796,3
221,221,0.5424353825385796,4
221,221,0.5424353825385796,5
221,221,0.5424353825385796,6
221,221,0.5424353825385796,7
221,221,0.5424353825385796,8
221,221,0.5424353825385796,9
221,221,0.5424353825385796,10
222,222,0.5370110287131992,1
222,222,0.5370110287131992,2
222,222,0.5370110287131992,3
222,222,0.5370110287131992,4
222,222,0.5370110287131992,5
222,222,0.5370110287131992,6
222,222,0.5370110287131992,7
222,222,0.5370110287131992,8
222,222,0.5370110287131992,9
222,222,0.5370110287131992,10
223,223,0.5316409184260534,1
223,223,0.5316409184260534,2
223,223,0.5316409184260534,3
223,223,0.5316409184260534,4
223,223,0.5316409184260534,5
223,223,0.5316409184260534,6
223,223,0.5316409184260534,7
223,223,0.5316409184260534,8
223,223,0.5316409184260534,9
223,223,0.5316409184260534,10
224,224,0.5263245092418055,1
224,224,0.5263245092418055,2
224,224,0.5263245092418055,3
224,224,0.5263245092418055,4
224,224,0.5263245092418055,5
224,224,0.5263245092418055,6
224,224,0.5263245092418055,7
224,224,0.5263245092418055,8
224,224,0.5263245092418055,9
224,224,0.5263245092418055,10
225,225,0.5210612641493653,1
225,225,0.5210612641493653,2
225,225,0.5210612641493653,3
225,225,0.5210612641493653,4
225,225,0.5210612641493653,5
225,225,0.5210612641493653,6
225,225,0.5210612641493653,7
225,225,0.5210612641493653,8
225,225,0.5210612641493653,9
225,225,0.5210612641493653,10
226,226,0.5158506515078889,1
226,226,0.5158506515078889,2
226,226,0.5158506515078889,3
226,226,0.5158506515078889,4
226,226,0.5158506515078889,5
226,226,0.5158506515078889,6
226,226,0.5158506515078889,7
226,226,0.5158506515078889,8
226,226,0.5158506515078889,9
226,226,0.5158506515078889,10
227,227,0.5106921449928027,1
227,227,0.5106921449928027,2
227,227,0.5106921449928027,3
227,227,0.5106921449928027,4
227,227,0.5106921449928027,5
227,227,0.5106921449928027,6
227,227,0.5106921449928027,7
227,227,0.5106921449928027,8
227,227,0.5106921449928027,9
227,227,0.5106921449928027,10
228,228,0.5055852235428799,1
228,228,0.5055852235428799,2
228,228,0.5055852235428799,3
228,228,0.5055852235428799,4
228,228,0.5055852235428799,5
228,228,0.5055852235428799,6
228,228,0.5055852235428799,7
228,228,0.5055852235428799,8
228,228,0.5055852235428799,9
228,228,0.5055852235428799,10
229,229,0.5005293713074432,1
229,229,0.5005293713074432,2
229,229,0.5005293713074432,3
229,229,0.5005293713074432,4
229,229,0.5005293713074432,5
229,229,0.5005293713074432,6
229,229,0.5005293713074432,7
229,229,0.5005293713074432,8
229,229,0.5005293713074432,9
229,229,0.5005293713074432,10
230,230,0.4955240775943795,1
230,230,0.4955240775943795,2
230,230,0.4955240775943795,3
230,230,0.4955240775943795,4
230,230,0.4955240775943795,5
230,230,0.4955240775943795,6
230,230,0.4955240775943795,7
230,230,0.4955240775943795,8
230,230,0.4955240775943795,9
230,230,0.4955240775943795,10
231,231,0.4905688368184389,1
231,231,0.4905688368184389,2
231,231,0.4905688368184389,3
231,231,0.4905688368184389,4
231,231,0.4905688368184389,5
231,231,0.4905688368184389,6
231,231,0.4905688368184389,7
231,231,0.4905688368184389,8
231,231,0.4905688368184389,9
231,231,0.4905688368184389,10
232,232,0.4856631484502578,1
232,232,0.4856631484502578,2
232,232,0.4856631484502578,3
232,232,0.4856631484502578,4
232,232,0.4856631484502578,5
232,232,0.4856631484502578,6
232,232,0.4856631484502578,7
232,232,0.4856631484502578,8
232,232,0.4856631484502578,9
232,232,0.4856631484502578,10
233,233,0.48080651696574384,1
233,233,0.48080651696574384,2
233,233,0.48080651696574384,3
233,233,0.48080651696574384,4
233,233,0.48080651696574384,5
233,233,0.48080651696574384,6
233,233,0.48080651696574384,7
233,233,0.48080651696574384,8
233,233,0.48080651696574384,9
233,233,0.48080651696574384,10
234,234,0.47599845179609024,1
234,234,0.47599845179609024,2
234,234,0.47599845179609024,3
234,234,0.47599845179609024,4
234,234,0.47599845179609024,5
234,234,0.47599845179609024,6
234,234,0.47599845179609024,7
234,234,0.47599845179609024,8
234,234,0.47599845179609024,9
234,234,0.47599845179609024,10
235,235,0.47123846727811625,1
235,235,0.47123846727811625,2
235,235,0.47123846727811625,3
235,235,0.47123846727811625,4
235,235,0.47123846727811625,5
235,235,0.47123846727811625,6
235,235,0.47123846727811625,7
235,235,0.47123846727811625,8
235,235,0.47123846727811625,9
235,235,0.47123846727811625,10
236,236,0.46652608260535205,1
236,236,0.46652608260535205,2
236,236,0.46652608260535205,3
236,236,0.46652608260535205,4
236,236,0.46652608260535205,5
236,236,0.46652608260535205,6
236,236,0.46652608260535205,7
236,236,0.46652608260535205,8
236,236,0.46652608260535205,9
236,236,0.46652608260535205,10
237,237,0.46186082177928534,1
237,237,0.46186082177928534,2
237,237,0.46186082177928534,3
237,237,0.46186082177928534,4
237,237,0.46186082177928534,5
237,237,0.46186082177928534,6
237,237,0.46186082177928534,7
237,237,0.46186082177928534,8
237,237,0.46186082177928534,9
237,237,0.46186082177928534,10
238,238,0.457242213561486,1
238,238,0.457242213561486,2
238,238,0.457242213561486,3
238,238,0.457242213561486,4
238,238,0.457242213561486,5
238,238,0.457242213561486,6
238,238,0.457242213561486,7
238,238,0.457242213561486,8
238,238,0.457242213561486,9
238,238,0.457242213561486,10
239,239,0.4526697914258771,1
239,239,0.4526697914258771,2
239,239,0.4526697914258771,3
239,239,0.4526697914258771,4
239,239,0.4526697914258771,5
239,239,0.4526697914258771,6
239,239,0.4526697914258771,7
239,239,0.4526697914258771,8
239,239,0.4526697914258771,9
239,239,0.4526697914258771,10
240,240,0.44814309351163234,1
240,240,0.44814309351163234,2
240,240,0.44814309351163234,3
240,240,0.44814309351163234,4
240,240,0.44814309351163234,5
240,240,0.44814309351163234,6
240,240,0.44814309351163234,7
240,240,0.44814309351163234,8
240,240,0.44814309351163234,9
240,240,0.44814309351163234,10
241,241,0.4436616625765138,1
241,241,0.4436616625765138,2
241,241,0.4436616625765138,3
241,241,0.4436616625765138,4
241,241,0.4436616625765138,5
241,241,0.4436616625765138,6
241,241,0.4436616625765138,7
241,241,0.4436616625765138,8
241,241,0.4436616625765138,9
241,241,0.4436616625765138,10
242,242,0.4392250459507513,1
242,242,0.4392250459507513,2
242,242,0.4392250459507513,3
242,242,0.4392250459507513,4
242,242,0.4392250459507513,5
242,242,0.4392250459507513,6
242,242,0.4392250459507513,7
242,242,0.4392250459507513,8
242,242,0.4392250459507513,9
242,242,0.4392250459507513,10
243,243,0.43483279549122966,1
243,243,0.43483279549122966,2
243,243,0.43483279549122966,3
243,243,0.43483279549122966,4
243,243,0.43483279549122966,5
243,243,0.43483279549122966,6
243,243,0.43483279549122966,7
243,243,0.43483279549122966,8
243,243,0.43483279549122966,9
243,243,0.43483279549122966,10
244,244,0.4304844675363154,1
244,244,0.4304844675363154,2
244,244,0.4304844675363154,3
244,244,0.4304844675363154,4
244,244,0.4304844675363154,5
244,244,0.4304844675363154,6
244,244,0.4304844675363154,7
244,244,0.4304844675363154,8
244,244,0.4304844675363154,9
244,244,0.4304844675363154,10
245,245,0.4261796228609571,1
245,245,0.4261796228609571,2
245,245,0.4261796228609571,3
245,245,0.4261796228609571,4
245,245,0.4261796228609571,5
245,245,0.4261796228609571,6
245,245,0.4261796228609571,7
245,245,0.4261796228609571,8
245,245,0.4261796228609571,9
245,245,0.4261796228609571,10
246,246,0.4219178266323522,1
246,246,0.4219178266323522,2
246,246,0.4219178266323522,3
246,246,0.4219178266323522,4
246,246,0.4219178266323522,5
246,246,0.4219178266323522,6
246,246,0.4219178266323522,7
246,246,0.4219178266323522,8
246,246,0.4219178266323522,9
246,246,0.4219178266323522,10
247,247,0.41769864836601694,1
247,247,0.41769864836601694,2
247,247,0.41769864836601694,3
247,247,0.41769864836601694,4
247,247,0.41769864836601694,5
247,247,0.41769864836601694,6
247,247,0.41769864836601694,7
247,247,0.41769864836601694,8
247,247,0.41769864836601694,9
247,247,0.41769864836601694,10
248,248,0.4135216618823718,1
248,248,0.4135216618823718,2
248,248,0.4135216618823718,3
248,248,0.4135216618823718,4
248,248,0.4135216618823718,5
248,248,0.4135216618823718,6
248,248,0.4135216618823718,7
248,248,0.4135216618823718,8
248,248,0.4135216618823718,9
248,248,0.4135216618823718,10
249,249,0.4093864452635349,1
249,249,0.4093864452635349,2
249,249,0.4093864452635349,3
249,249,0.4093864452635349,4
249,249,0.4093864452635349,5
249,249,0.4093864452635349,6
249,249,0.4093864452635349,7
249,249,0.4093864452635349,8
249,249,0.4093864452635349,9
249,249,0.4093864452635349,10
250,250,0.40529258081090797,1
250,250,0.40529258081090797,2
250,250,0.40529258081090797,3
250,250,0.40529258081090797,4
250,250,0.40529258081090797,5
250,250,0.40529258081090797,6
250,250,0.40529258081090797,7
250,250,0.40529258081090797,8
250,250,0.40529258081090797,9
250,250,0.40529258081090797,10
251,251,0.401239655002809,1
251,251,0.401239655002809,2
251,251,0.401239655002809,3
251,251,0.401239655002809,4
251,251,0.401239655002809,5
251,251,0.401239655002809,6
251,251,0.401239655002809,7
251,251,0.401239655002809,8
251,251,0.401239655002809,9
251,251,0.401239655002809,10
252,252,0.3972272584527611,1
252,252,0.3972272584527611,2
252,252,0.3972272584527611,3
252,252,0.3972272584527611,4
252,252,0.3972272584527611,5
252,252,0.3972272584527611,6
252,252,0.3972272584527611,7
252,252,0.3972272584527611,8
252,252,0.3972272584527611,9
252,252,0.3972272584527611,10
253,253,0.39325498586823804,1
253,253,0.39325498586823804,2
253,253,0.39325498586823804,3
253,253,0.39325498586823804,4
253,253,0.39325498586823804,5
253,253,0.39325498586823804,6
253,253,0.39325498586823804,7
253,253,0.39325498586823804,8
253,253,0.39325498586823804,9
253,253,0.39325498586823804,10
254,254,0.38932243600955224,1
254,254,0.38932243600955224,2
254,254,0.38932243600955224,3
254,254,0.38932243600955224,4
254,254,0.38932243600955224,5
254,254,0.38932243600955224,6
254,254,0.38932243600955224,7
254,254,0.38932243600955224,8
254,254,0.38932243600955224,9
254,254,0.38932243600955224,10
255,255,0.385429211649466,1
255,255,0.385429211649466,2
255,255,0.385429211649466,3
255,255,0.385429211649466,4
255,255,0.385429211649466,5
255,255,0.385429211649466,6
255,255,0.385429211649466,7
255,255,0.385429211649466,8
255,255,0.385429211649466,9
255,255,0.385429211649466,10
256,256,0.3815749195329667,1
256,256,0.3815749195329667,2
256,256,0.3815749195329667,3
256,256,0.3815749195329667,4
256,256,0.3815749195329667,5
256,256,0.3815749195329667,6
256,256,0.3815749195329667,7
256,256,0.3815749195329667,8
256,256,0.3815749195329667,9
256,256,0.3815749195329667,10
257,257,0.3777591703376401,1
257,257,0.3777591703376401,2
257,257,0.3777591703376401,3
257,257,0.3777591703376401,4
257,257,0.3777591703376401,5
257,257,0.3777591703376401,6
257,257,0.3777591703376401,7
257,257,0.3777591703376401,8
257,257,0.3777591703376401,9
257,257,0.3777591703376401,10
258,258,0.37398157863425774,1
258,258,0.37398157863425774,2
258,258,0.37398157863425774,3
258,258,0.37398157863425774,4
258,258,0.37398157863425774,5
258,258,0.37398157863425774,6
258,258,0.37398157863425774,7
258,258,0.37398157863425774,8
258,258,0.37398157863425774,9
258,258,0.37398157863425774,10
259,259,0.37024176284791477,1
259,259,0.37024176284791477,2
259,259,0.37024176284791477,3
259,259,0.37024176284791477,4
259,259,0.37024176284791477,5
259,259,0.37024176284791477,6
259,259,0.37024176284791477,7
259,259,0.37024176284791477,8
259,259,0.37024176284791477,9
259,259,0.37024176284791477,10
260,260,0.3665393452194471,1
260,260,0.3665393452194471,2
260,260,0.3665393452194471,3
260,260,0.3665393452194471,4
260,260,0.3665393452194471,5
260,260,0.3665393452194471,6
260,260,0.3665393452194471,7
260,260,0.3665393452194471,8
260,260,0.3665393452194471,9
260,260,0.3665393452194471,10
261,261,0.3628739517672521,1
261,261,0.3628739517672521,2
261,261,0.3628739517672521,3
261,261,0.3628739517672521,4
261,261,0.3628739517672521,5
261,261,0.3628739517672521,6
261,261,0.3628739517672521,7
261,261,0.3628739517672521,8
261,261,0.3628739517672521,9
261,261,0.3628739517672521,10
262,262,0.3592452122495661,1
262,262,0.3592452122495661,2
262,262,0.3592452122495661,3
262,262,0.3592452122495661,4
262,262,0.3592452122495661,5
262,262,0.3592452122495661,6
262,262,0.3592452122495661,7
262,262,0.3592452122495661,8
262,262,0.3592452122495661,9
262,262,0.3592452122495661,10
263,263,0.35565276012708474,1
263,263,0.35565276012708474,2
263,263,0.35565276012708474,3
263,263,0.35565276012708474,4
263,263,0.35565276012708474,5
263,263,0.35565276012708474,6
263,263,0.35565276012708474,7
263,263,0.35565276012708474,8
263,263,0.35565276012708474,9
263,263,0.35565276012708474,10
264,264,0.35209623252580957,1
264,264,0.35209623252580957,2
264,264,0.35209623252580957,3
264,264,0.35209623252580957,4
264,264,0.35209623252580957,5
264,264,0.35209623252580957,6
264,264,0.35209623252580957,7
264,264,0.35209623252580957,8
264,264,0.35209623252580957,9
264,264,0.35209623252580957,10
265,265,0.3485752702005543,1
265,265,0.3485752702005543,2
265,265,0.3485752702005543,3
265,265,0.3485752702005543,4
265,265,0.3485752702005543,5
265,265,0.3485752702005543,6
265,265,0.3485752702005543,7
265,265,0.3485752702005543,8
265,265,0.3485752702005543,9
265,265,0.3485752702005543,10
266,266,0.34508951749853994,1
266,266,0.34508951749853994,2
266,266,0.34508951749853994,3
266,266,0.34508951749853994,4
266,266,0.34508951749853994,5
266,266,0.34508951749853994,6
266,266,0.34508951749853994,7
266,266,0.34508951749853994,8
266,266,0.34508951749853994,9
266,266,0.34508951749853994,10
267,267,0.3416386223235578,1
267,267,0.3416386223235578,2
267,267,0.3416386223235578,3
267,267,0.3416386223235578,4
267,267,0.3416386223235578,5
267,267,0.3416386223235578,6
267,267,0.3416386223235578,7
267,267,0.3416386223235578,8
267,267,0.3416386223235578,9
267,267,0.3416386223235578,10
268,268,0.33822223610032237,1
268,268,0.33822223610032237,2
268,268,0.33822223610032237,3
268,268,0.33822223610032237,4
268,268,0.33822223610032237,5
268,268,0.33822223610032237,6
268,268,0.33822223610032237,7
268,268,0.33822223610032237,8
268,268,0.33822223610032237,9
268,268,0.33822223610032237,10
269,269,0.3348400137393232,1
269,269,0.3348400137393232,2
269,269,0.3348400137393232,3
269,269,0.3348400137393232,4
269,269,0.3348400137393232,5
269,269,0.3348400137393232,6
269,269,0.3348400137393232,7
269,269,0.3348400137393232,8
269,269,0.3348400137393232,9
269,269,0.3348400137393232,10
270,270,0.3314916136019356,1
270,270,0.3314916136019356,2
270,270,0.3314916136019356,3
270,270,0.3314916136019356,4
270,270,0.3314916136019356,5
270,270,0.3314916136019356,6
270,270,0.3314916136019356,7
270,270,0.3314916136019356,8
270,270,0.3314916136019356,9
270,270,0.3314916136019356,10
271,271,0.3281766974659075,1
271,271,0.3281766974659075,2
271,271,0.3281766974659075,3
271,271,0.3281766974659075,4
271,271,0.3281766974659075,5
271,271,0.3281766974659075,6
271,271,0.3281766974659075,7
271,271,0.3281766974659075,8
271,271,0.3281766974659075,9
271,271,0.3281766974659075,10
272,272,0.3248949304912519,1
272,272,0.3248949304912519,2
272,272,0.3248949304912519,3
272,272,0.3248949304912519,4
272,272,0.3248949304912519,5
272,272,0.3248949304912519,6
272,272,0.3248949304912519,7
272,272,0.3248949304912519,8
272,272,0.3248949304912519,9
272,272,0.3248949304912519,10
273,273,0.32164598118634496,1
273,273,0.32164598118634496,2
273,273,0.32164598118634496,3
273,273,0.32164598118634496,4
273,273,0.32164598118634496,5
273,273,0.32164598118634496,6
273,273,0.32164598118634496,7
273,273,0.32164598118634496,8
273,273,0.32164598118634496,9
273,273,0.32164598118634496,10
274,274,0.31842952137447,1
274,274,0.31842952137447,2
274,274,0.31842952137447,3
274,274,0.31842952137447,4
274,274,0.31842952137447,5
274,274,0.31842952137447,6
274,274,0.31842952137447,7
274,274,0.31842952137447,8
274,274,0.31842952137447,9
274,274,0.31842952137447,10
275,275,0.3152452261607339,1
275,275,0.3152452261607339,2
275,275,0.3152452261607339,3
275,275,0.3152452261607339,4
275,275,0.3152452261607339,5
275,275,0.3152452261607339,6
275,275,0.3152452261607339,7
275,275,0.3152452261607339,8
275,275,0.3152452261607339,9
275,275,0.3152452261607339,10
276,276,0.312092773899115,1
276,276,0.312092773899115,2
276,276,0.312092773899115,3
276,276,0.312092773899115,4
276,276,0.312092773899115,5
276,276,0.312092773899115,6
276,276,0.312092773899115,7
276,276,0.312092773899115,8
276,276,0.312092773899115,9
276,276,0.312092773899115,10
277,277,0.3089718461601306,1
277,277,0.3089718461601306,2
277,277,0.3089718461601306,3
277,277,0.3089718461601306,4
277,277,0.3089718461601306,5
277,277,0.3089718461601306,6
277,277,0.3089718461601306,7
277,277,0.3089718461601306,8
277,277,0.3089718461601306,9
277,277,0.3089718461601306,10
278,278,0.3058821276985274,1
278,278,0.3058821276985274,2
278,278,0.3058821276985274,3
278,278,0.3058821276985274,4
278,278,0.3058821276985274,5
278,278,0.3058821276985274,6
278,278,0.3058821276985274,7
278,278,0.3058821276985274,8
278,278,0.3058821276985274,9
278,278,0.3058821276985274,10
279,279,0.3028233064215441,1
279,279,0.3028233064215441,2
279,279,0.3028233064215441,3
279,279,0.3028233064215441,4
279,279,0.3028233064215441,5
279,279,0.3028233064215441,6
279,279,0.3028233064215441,7
279,279,0.3028233064215441,8
279,279,0.3028233064215441,9
279,279,0.3028233064215441,10
280,280,0.29979507335732397,1
280,280,0.29979507335732397,2
280,280,0.29979507335732397,3
280,280,0.29979507335732397,4
280,280,0.29979507335732397,5
280,280,0.29979507335732397,6
280,280,0.29979507335732397,7
280,280,0.29979507335732397,8
280,280,0.29979507335732397,9
280,280,0.29979507335732397,10
281,281,0.29679712262375174,1
281,281,0.29679712262375174,2
281,281,0.29679712262375174,3
281,281,0.29679712262375174,4
281,281,0.29679712262375174,5
281,281,0.29679712262375174,6
281,281,0.29679712262375174,7
281,281,0.29679712262375174,8
281,281,0.29679712262375174,9
281,281,0.29679712262375174,10
282,282,0.29382915139751725,1
282,282,0.29382915139751725,2
282,282,0.29382915139751725,3
282,282,0.29382915139751725,4
282,282,0.29382915139751725,5
282,282,0.29382915139751725,6
282,282,0.29382915139751725,7
282,282,0.29382915139751725,8
282,282,0.29382915139751725,9
282,282,0.29382915139751725,10
283,283,0.2908908598835401,1
283,283,0.2908908598835401,2
283,283,0.2908908598835401,3
283,283,0.2908908598835401,4
283,283,0.2908908598835401,5
283,283,0.2908908598835401,6
283,283,0.2908908598835401,7
283,283,0.2908908598835401,8
283,283,0.2908908598835401,9
283,283,0.2908908598835401,10
284,284,0.2879819512847011,1
284,284,0.2879819512847011,2
284,284,0.2879819512847011,3
284,284,0.2879819512847011,4
284,284,0.2879819512847011,5
284,284,0.2879819512847011,6
284,284,0.2879819512847011,7
284,284,0.2879819512847011,8
284,284,0.2879819512847011,9
284,284,0.2879819512847011,10
285,285,0.285102131771855,1
285,285,0.285102131771855,2
285,285,0.285102131771855,3
285,285,0.285102131771855,4
285,285,0.285102131771855,5
285,285,0.285102131771855,6
285,285,0.285102131771855,7
285,285,0.285102131771855,8
285,285,0.285102131771855,9
285,285,0.285102131771855,10
286,286,0.2822511104541441,1
286,286,0.2822511104541441,2
286,286,0.2822511104541441,3
286,286,0.2822511104541441,4
286,286,0.2822511104541441,5
286,286,0.2822511104541441,6
286,286,0.2822511104541441,7
286,286,0.2822511104541441,8
286,286,0.2822511104541441,9
286,286,0.2822511104541441,10
287,287,0.27942859934959663,1
287,287,0.27942859934959663,2
287,287,0.27942859934959663,3
287,287,0.27942859934959663,4
287,287,0.27942859934959663,5
287,287,0.27942859934959663,6
287,287,0.27942859934959663,7
287,287,0.27942859934959663,8
287,287,0.27942859934959663,9
287,287,0.27942859934959663,10
288,288,0.27663431335610755,1
288,288,0.27663431335610755,2
288,288,0.27663431335610755,3
288,288,0.27663431335610755,4
288,288,0.27663431335610755,5
288,288,0.27663431335610755,6
288,288,0.27663431335610755,7
288,288,0.27663431335610755,8
288,288,0.27663431335610755,9
288,288,0.27663431335610755,10
289,289,0.2738679702225441,1
289,289,0.2738679702225441,2
289,289,0.2738679702225441,3
289,289,0.2738679702225441,4
289,289,0.2738679702225441,5
289,289,0.2738679702225441,6
289,289,0.2738679702225441,7
289,289,0.2738679702225441,8
289,289,0.2738679702225441,9
289,289,0.2738679702225441,10
290,290,0.27112929052031964,1
290,290,0.27112929052031964,2
290,290,0.27112929052031964,3
290,290,0.27112929052031964,4
290,290,0.27112929052031964,5
290,290,0.27112929052031964,6
290,290,0.27112929052031964,7
290,290,0.27112929052031964,8
290,290,0.27112929052031964,9
290,290,0.27112929052031964,10
291,291,0.26841799761511226,1
291,291,0.26841799761511226,2
291,291,0.26841799761511226,3
291,291,0.26841799761511226,4
291,291,0.26841799761511226,5
291,291,0.26841799761511226,6
291,291,0.26841799761511226,7
291,291,0.26841799761511226,8
291,291,0.26841799761511226,9
291,291,0.26841799761511226,10
292,292,0.2657338176389637,1
292,292,0.2657338176389637,2
292,292,0.2657338176389637,3
292,292,0.2657338176389637,4
292,292,0.2657338176389637,5
292,292,0.2657338176389637,6
292,292,0.2657338176389637,7
292,292,0.2657338176389637,8
292,292,0.2657338176389637,9
292,292,0.2657338176389637,10
293,293,0.2630764794625733,1
293,293,0.2630764794625733,2
293,293,0.2630764794625733,3
293,293,0.2630764794625733,4
293,293,0.2630764794625733,5
293,293,0.2630764794625733,6
293,293,0.2630764794625733,7
293,293,0.2630764794625733,8
293,293,0.2630764794625733,9
293,293,0.2630764794625733,10
294,294,0.2604457146679481,1
294,294,0.2604457146679481,2
294,294,0.2604457146679481,3
294,294,0.2604457146679481,4
294,294,0.2604457146679481,5
294,294,0.2604457146679481,6
294,294,0.2604457146679481,7
294,294,0.2604457146679481,8
294,294,0.2604457146679481,9
294,294,0.2604457146679481,10
295,295,0.2578412575212703,1
295,295,0.2578412575212703,2
295,295,0.2578412575212703,3
295,295,0.2578412575212703,4
295,295,0.2578412575212703,5
295,295,0.2578412575212703,6
295,295,0.2578412575212703,7
295,295,0.2578412575212703,8
295,295,0.2578412575212703,9
295,295,0.2578412575212703,10
296,296,0.25526284494605855,1
296,296,0.25526284494605855,2
296,296,0.25526284494605855,3
296,296,0.25526284494605855,4
296,296,0.25526284494605855,5
296,296,0.25526284494605855,6
296,296,0.25526284494605855,7
296,296,0.25526284494605855,8
296,296,0.25526284494605855,9
296,296,0.25526284494605855,10
297,297,0.25271021649658965,1
297,297,0.25271021649658965,2
297,297,0.25271021649658965,3
297,297,0.25271021649658965,4
297,297,0.25271021649658965,5
297,297,0.25271021649658965,6
297,297,0.25271021649658965,7
297,297,0.25271021649658965,8
297,297,0.25271021649658965,9
297,297,0.25271021649658965,10
298,298,0.2501831143316307,1
298,298,0.2501831143316307,2
298,298,0.2501831143316307,3
298,298,0.2501831143316307,4
298,298,0.2501831143316307,5
298,298,0.2501831143316307,6
298,298,0.2501831143316307,7
298,298,0.2501831143316307,8
298,298,0.2501831143316307,9
298,298,0.2501831143316307,10
299,299,0.2476812831883122,1
299,299,0.2476812831883122,2
299,299,0.2476812831883122,3
299,299,0.2476812831883122,4
299,299,0.2476812831883122,5
299,299,0.2476812831883122,6
299,299,0.2476812831883122,7
299,299,0.2476812831883122,8
299,299,0.2476812831883122,9
299,299,0.2476812831883122,10
300,300,0.24520447035643464,1
300,300,0.24520447035643464,2
300,300,0.24520447035643464,3
300,300,0.24520447035643464,4
300,300,0.24520447035643464,5
300,300,0.24520447035643464,6
300,300,0.24520447035643464,7
300,300,0.24520447035643464,8
300,300,0.24520447035643464,9
300,300,0.24520447035643464,10
